,Model,Dataset,ddG_pred,position,wildtype,mutation,pdb,chain
0,ThermoMPNN,input,-0.04087650775909424,0,S,A,input,A
1,ThermoMPNN,input,-0.3005809783935547,0,S,C,input,A
2,ThermoMPNN,input,0.009091019630432129,0,S,D,input,A
3,ThermoMPNN,input,-0.051891446113586426,0,S,E,input,A
4,ThermoMPNN,input,0.0582503080368042,0,S,F,input,A
5,ThermoMPNN,input,-0.01942342519760132,0,S,G,input,A
6,ThermoMPNN,input,-0.017146408557891846,0,S,H,input,A
7,ThermoMPNN,input,-0.008466243743896484,0,S,I,input,A
8,ThermoMPNN,input,0.26473334431648254,0,S,K,input,A
9,ThermoMPNN,input,-0.042661428451538086,0,S,L,input,A
10,ThermoMPNN,input,-0.014558970928192139,0,S,M,input,A
11,ThermoMPNN,input,0.048693954944610596,0,S,N,input,A
12,ThermoMPNN,input,0.13057130575180054,0,S,P,input,A
13,ThermoMPNN,input,0.06946665048599243,0,S,Q,input,A
14,ThermoMPNN,input,0.22376525402069092,0,S,R,input,A
15,ThermoMPNN,input,0.0,0,S,S,input,A
16,ThermoMPNN,input,-0.014114201068878174,0,S,T,input,A
17,ThermoMPNN,input,0.006660163402557373,0,S,V,input,A
18,ThermoMPNN,input,-0.11802798509597778,0,S,W,input,A
19,ThermoMPNN,input,0.11419731378555298,0,S,Y,input,A
20,ThermoMPNN,input,0.5074371695518494,1,V,A,input,A
21,ThermoMPNN,input,0.17614686489105225,1,V,C,input,A
22,ThermoMPNN,input,1.002912998199463,1,V,D,input,A
23,ThermoMPNN,input,0.9392290711402893,1,V,E,input,A
24,ThermoMPNN,input,0.26658886671066284,1,V,F,input,A
25,ThermoMPNN,input,0.861271858215332,1,V,G,input,A
26,ThermoMPNN,input,0.605542004108429,1,V,H,input,A
27,ThermoMPNN,input,0.07141828536987305,1,V,I,input,A
28,ThermoMPNN,input,0.8204727172851562,1,V,K,input,A
29,ThermoMPNN,input,0.32278120517730713,1,V,L,input,A
30,ThermoMPNN,input,0.4512481093406677,1,V,M,input,A
31,ThermoMPNN,input,0.8279682397842407,1,V,N,input,A
32,ThermoMPNN,input,0.6974374055862427,1,V,P,input,A
33,ThermoMPNN,input,0.8347611427307129,1,V,Q,input,A
34,ThermoMPNN,input,0.8122518062591553,1,V,R,input,A
35,ThermoMPNN,input,0.6703180074691772,1,V,S,input,A
36,ThermoMPNN,input,0.4431073069572449,1,V,T,input,A
37,ThermoMPNN,input,0.0,1,V,V,input,A
38,ThermoMPNN,input,0.10375070571899414,1,V,W,input,A
39,ThermoMPNN,input,0.2189500331878662,1,V,Y,input,A
40,ThermoMPNN,input,0.4518747925758362,2,P,A,input,A
41,ThermoMPNN,input,0.22587519884109497,2,P,C,input,A
42,ThermoMPNN,input,0.9057922959327698,2,P,D,input,A
43,ThermoMPNN,input,0.29346948862075806,2,P,E,input,A
44,ThermoMPNN,input,0.5201419591903687,2,P,F,input,A
45,ThermoMPNN,input,0.9025368690490723,2,P,G,input,A
46,ThermoMPNN,input,0.8456016182899475,2,P,H,input,A
47,ThermoMPNN,input,0.37862104177474976,2,P,I,input,A
48,ThermoMPNN,input,1.2047070264816284,2,P,K,input,A
49,ThermoMPNN,input,0.37200552225112915,2,P,L,input,A
50,ThermoMPNN,input,0.2628190517425537,2,P,M,input,A
51,ThermoMPNN,input,1.0365254878997803,2,P,N,input,A
52,ThermoMPNN,input,0.0,2,P,P,input,A
53,ThermoMPNN,input,0.8148467540740967,2,P,Q,input,A
54,ThermoMPNN,input,1.1723291873931885,2,P,R,input,A
55,ThermoMPNN,input,0.7541926503181458,2,P,S,input,A
56,ThermoMPNN,input,0.8024144768714905,2,P,T,input,A
57,ThermoMPNN,input,0.5962920784950256,2,P,V,input,A
58,ThermoMPNN,input,0.3790997266769409,2,P,W,input,A
59,ThermoMPNN,input,0.3883090615272522,2,P,Y,input,A
60,ThermoMPNN,input,0.7663877010345459,3,S,A,input,A
61,ThermoMPNN,input,0.6487438082695007,3,S,C,input,A
62,ThermoMPNN,input,0.12375211715698242,3,S,D,input,A
63,ThermoMPNN,input,0.8359040021896362,3,S,E,input,A
64,ThermoMPNN,input,1.373922348022461,3,S,F,input,A
65,ThermoMPNN,input,0.9059980511665344,3,S,G,input,A
66,ThermoMPNN,input,1.2599527835845947,3,S,H,input,A
67,ThermoMPNN,input,1.344663381576538,3,S,I,input,A
68,ThermoMPNN,input,1.4406604766845703,3,S,K,input,A
69,ThermoMPNN,input,1.327376127243042,3,S,L,input,A
70,ThermoMPNN,input,1.2028400897979736,3,S,M,input,A
71,ThermoMPNN,input,0.5648841857910156,3,S,N,input,A
72,ThermoMPNN,input,0.8516203165054321,3,S,P,input,A
73,ThermoMPNN,input,1.1792941093444824,3,S,Q,input,A
74,ThermoMPNN,input,1.4506646394729614,3,S,R,input,A
75,ThermoMPNN,input,0.0,3,S,S,input,A
76,ThermoMPNN,input,0.633370578289032,3,S,T,input,A
77,ThermoMPNN,input,1.4327610731124878,3,S,V,input,A
78,ThermoMPNN,input,1.1534603834152222,3,S,W,input,A
79,ThermoMPNN,input,1.5788261890411377,3,S,Y,input,A
80,ThermoMPNN,input,0.244301438331604,4,Q,A,input,A
81,ThermoMPNN,input,0.24988430738449097,4,Q,C,input,A
82,ThermoMPNN,input,0.7884552478790283,4,Q,D,input,A
83,ThermoMPNN,input,0.9155759811401367,4,Q,E,input,A
84,ThermoMPNN,input,0.5711237788200378,4,Q,F,input,A
85,ThermoMPNN,input,0.7319077849388123,4,Q,G,input,A
86,ThermoMPNN,input,0.2613135576248169,4,Q,H,input,A
87,ThermoMPNN,input,0.4522537589073181,4,Q,I,input,A
88,ThermoMPNN,input,0.2978134751319885,4,Q,K,input,A
89,ThermoMPNN,input,0.6212603449821472,4,Q,L,input,A
90,ThermoMPNN,input,0.3933872580528259,4,Q,M,input,A
91,ThermoMPNN,input,0.5645356774330139,4,Q,N,input,A
92,ThermoMPNN,input,1.431488275527954,4,Q,P,input,A
93,ThermoMPNN,input,0.0,4,Q,Q,input,A
94,ThermoMPNN,input,0.3311306834220886,4,Q,R,input,A
95,ThermoMPNN,input,0.19972974061965942,4,Q,S,input,A
96,ThermoMPNN,input,0.31384170055389404,4,Q,T,input,A
97,ThermoMPNN,input,0.4205493927001953,4,Q,V,input,A
98,ThermoMPNN,input,0.5074071884155273,4,Q,W,input,A
99,ThermoMPNN,input,0.44865840673446655,4,Q,Y,input,A
100,ThermoMPNN,input,-0.1062157154083252,5,K,A,input,A
101,ThermoMPNN,input,-0.34428077936172485,5,K,C,input,A
102,ThermoMPNN,input,-0.24068140983581543,5,K,D,input,A
103,ThermoMPNN,input,-0.45068591833114624,5,K,E,input,A
104,ThermoMPNN,input,-0.04298776388168335,5,K,F,input,A
105,ThermoMPNN,input,0.37264585494995117,5,K,G,input,A
106,ThermoMPNN,input,-0.13964307308197021,5,K,H,input,A
107,ThermoMPNN,input,-0.2063785195350647,5,K,I,input,A
108,ThermoMPNN,input,0.0,5,K,K,input,A
109,ThermoMPNN,input,-0.17495191097259521,5,K,L,input,A
110,ThermoMPNN,input,-0.0455586314201355,5,K,M,input,A
111,ThermoMPNN,input,-0.08064407110214233,5,K,N,input,A
112,ThermoMPNN,input,1.170339584350586,5,K,P,input,A
113,ThermoMPNN,input,-0.14414334297180176,5,K,Q,input,A
114,ThermoMPNN,input,-0.04898804426193237,5,K,R,input,A
115,ThermoMPNN,input,-0.13109302520751953,5,K,S,input,A
116,ThermoMPNN,input,-0.2747528553009033,5,K,T,input,A
117,ThermoMPNN,input,-0.3064654469490051,5,K,V,input,A
118,ThermoMPNN,input,-0.06604492664337158,5,K,W,input,A
119,ThermoMPNN,input,-0.06481045484542847,5,K,Y,input,A
120,ThermoMPNN,input,-0.033475637435913086,6,T,A,input,A
121,ThermoMPNN,input,-0.2650960683822632,6,T,C,input,A
122,ThermoMPNN,input,-0.07430219650268555,6,T,D,input,A
123,ThermoMPNN,input,0.21126365661621094,6,T,E,input,A
124,ThermoMPNN,input,-0.17234522104263306,6,T,F,input,A
125,ThermoMPNN,input,0.29851624369621277,6,T,G,input,A
126,ThermoMPNN,input,-0.2747701406478882,6,T,H,input,A
127,ThermoMPNN,input,0.04739123582839966,6,T,I,input,A
128,ThermoMPNN,input,-0.07203638553619385,6,T,K,input,A
129,ThermoMPNN,input,0.06214439868927002,6,T,L,input,A
130,ThermoMPNN,input,0.16963061690330505,6,T,M,input,A
131,ThermoMPNN,input,-0.30706995725631714,6,T,N,input,A
132,ThermoMPNN,input,-0.09785276651382446,6,T,P,input,A
133,ThermoMPNN,input,0.14626780152320862,6,T,Q,input,A
134,ThermoMPNN,input,-0.10857564210891724,6,T,R,input,A
135,ThermoMPNN,input,-0.1589455008506775,6,T,S,input,A
136,ThermoMPNN,input,0.0,6,T,T,input,A
137,ThermoMPNN,input,0.056982219219207764,6,T,V,input,A
138,ThermoMPNN,input,-0.3058475852012634,6,T,W,input,A
139,ThermoMPNN,input,-0.27631622552871704,6,T,Y,input,A
140,ThermoMPNN,input,1.5896414518356323,7,Y,A,input,A
141,ThermoMPNN,input,0.6913074254989624,7,Y,C,input,A
142,ThermoMPNN,input,1.017181396484375,7,Y,D,input,A
143,ThermoMPNN,input,1.459050178527832,7,Y,E,input,A
144,ThermoMPNN,input,0.05404508113861084,7,Y,F,input,A
145,ThermoMPNN,input,2.3909687995910645,7,Y,G,input,A
146,ThermoMPNN,input,0.8262231945991516,7,Y,H,input,A
147,ThermoMPNN,input,1.0536316633224487,7,Y,I,input,A
148,ThermoMPNN,input,1.9845298528671265,7,Y,K,input,A
149,ThermoMPNN,input,0.9289405345916748,7,Y,L,input,A
150,ThermoMPNN,input,0.9974001049995422,7,Y,M,input,A
151,ThermoMPNN,input,1.0737667083740234,7,Y,N,input,A
152,ThermoMPNN,input,2.8757667541503906,7,Y,P,input,A
153,ThermoMPNN,input,1.667712688446045,7,Y,Q,input,A
154,ThermoMPNN,input,1.567320466041565,7,Y,R,input,A
155,ThermoMPNN,input,1.515995979309082,7,Y,S,input,A
156,ThermoMPNN,input,1.6649895906448364,7,Y,T,input,A
157,ThermoMPNN,input,1.1268268823623657,7,Y,V,input,A
158,ThermoMPNN,input,0.12602019309997559,7,Y,W,input,A
159,ThermoMPNN,input,0.0,7,Y,Y,input,A
160,ThermoMPNN,input,-0.10370510816574097,8,Q,A,input,A
161,ThermoMPNN,input,0.03170078992843628,8,Q,C,input,A
162,ThermoMPNN,input,0.3493082523345947,8,Q,D,input,A
163,ThermoMPNN,input,0.030142486095428467,8,Q,E,input,A
164,ThermoMPNN,input,0.4589104950428009,8,Q,F,input,A
165,ThermoMPNN,input,0.34203261137008667,8,Q,G,input,A
166,ThermoMPNN,input,0.17661207914352417,8,Q,H,input,A
167,ThermoMPNN,input,0.4537604749202728,8,Q,I,input,A
168,ThermoMPNN,input,0.2578955292701721,8,Q,K,input,A
169,ThermoMPNN,input,0.533568263053894,8,Q,L,input,A
170,ThermoMPNN,input,0.4000566005706787,8,Q,M,input,A
171,ThermoMPNN,input,0.3816230893135071,8,Q,N,input,A
172,ThermoMPNN,input,-0.41236037015914917,8,Q,P,input,A
173,ThermoMPNN,input,0.0,8,Q,Q,input,A
174,ThermoMPNN,input,0.37853848934173584,8,Q,R,input,A
175,ThermoMPNN,input,-0.16845160722732544,8,Q,S,input,A
176,ThermoMPNN,input,0.10887986421585083,8,Q,T,input,A
177,ThermoMPNN,input,0.3537646532058716,8,Q,V,input,A
178,ThermoMPNN,input,0.6332752704620361,8,Q,W,input,A
179,ThermoMPNN,input,0.4871642291545868,8,Q,Y,input,A
180,ThermoMPNN,input,1.9551234245300293,9,G,A,input,A
181,ThermoMPNN,input,1.440333366394043,9,G,C,input,A
182,ThermoMPNN,input,2.4390695095062256,9,G,D,input,A
183,ThermoMPNN,input,2.5587525367736816,9,G,E,input,A
184,ThermoMPNN,input,1.646385908126831,9,G,F,input,A
185,ThermoMPNN,input,0.0,9,G,G,input,A
186,ThermoMPNN,input,2.2216060161590576,9,G,H,input,A
187,ThermoMPNN,input,2.2001068592071533,9,G,I,input,A
188,ThermoMPNN,input,2.3993468284606934,9,G,K,input,A
189,ThermoMPNN,input,1.9000989198684692,9,G,L,input,A
190,ThermoMPNN,input,1.8297700881958008,9,G,M,input,A
191,ThermoMPNN,input,2.2866766452789307,9,G,N,input,A
192,ThermoMPNN,input,2.598719358444214,9,G,P,input,A
193,ThermoMPNN,input,2.247296094894409,9,G,Q,input,A
194,ThermoMPNN,input,2.4139981269836426,9,G,R,input,A
195,ThermoMPNN,input,2.1392550468444824,9,G,S,input,A
196,ThermoMPNN,input,2.2713475227355957,9,G,T,input,A
197,ThermoMPNN,input,2.0553600788116455,9,G,V,input,A
198,ThermoMPNN,input,1.9689425230026245,9,G,W,input,A
199,ThermoMPNN,input,1.995766520500183,9,G,Y,input,A
200,ThermoMPNN,input,-0.01256704330444336,10,S,A,input,A
201,ThermoMPNN,input,0.10648155212402344,10,S,C,input,A
202,ThermoMPNN,input,0.5410581827163696,10,S,D,input,A
203,ThermoMPNN,input,0.23682266473770142,10,S,E,input,A
204,ThermoMPNN,input,0.7460017800331116,10,S,F,input,A
205,ThermoMPNN,input,0.5922085642814636,10,S,G,input,A
206,ThermoMPNN,input,0.33011627197265625,10,S,H,input,A
207,ThermoMPNN,input,0.2903211712837219,10,S,I,input,A
208,ThermoMPNN,input,-0.12761396169662476,10,S,K,input,A
209,ThermoMPNN,input,0.43065208196640015,10,S,L,input,A
210,ThermoMPNN,input,0.4112491011619568,10,S,M,input,A
211,ThermoMPNN,input,0.35701197385787964,10,S,N,input,A
212,ThermoMPNN,input,-0.3273206353187561,10,S,P,input,A
213,ThermoMPNN,input,-0.000925600528717041,10,S,Q,input,A
214,ThermoMPNN,input,0.05021613836288452,10,S,R,input,A
215,ThermoMPNN,input,0.0,10,S,S,input,A
216,ThermoMPNN,input,0.34679216146469116,10,S,T,input,A
217,ThermoMPNN,input,0.355795681476593,10,S,V,input,A
218,ThermoMPNN,input,0.6911973357200623,10,S,W,input,A
219,ThermoMPNN,input,0.6443573236465454,10,S,Y,input,A
220,ThermoMPNN,input,2.2873432636260986,11,Y,A,input,A
221,ThermoMPNN,input,1.3993717432022095,11,Y,C,input,A
222,ThermoMPNN,input,2.246661424636841,11,Y,D,input,A
223,ThermoMPNN,input,2.7836053371429443,11,Y,E,input,A
224,ThermoMPNN,input,0.14105558395385742,11,Y,F,input,A
225,ThermoMPNN,input,1.7035868167877197,11,Y,G,input,A
226,ThermoMPNN,input,1.149815559387207,11,Y,H,input,A
227,ThermoMPNN,input,2.2975597381591797,11,Y,I,input,A
228,ThermoMPNN,input,2.4447784423828125,11,Y,K,input,A
229,ThermoMPNN,input,2.0569708347320557,11,Y,L,input,A
230,ThermoMPNN,input,1.7029691934585571,11,Y,M,input,A
231,ThermoMPNN,input,1.8278024196624756,11,Y,N,input,A
232,ThermoMPNN,input,2.201460123062134,11,Y,P,input,A
233,ThermoMPNN,input,2.363816022872925,11,Y,Q,input,A
234,ThermoMPNN,input,2.0951883792877197,11,Y,R,input,A
235,ThermoMPNN,input,2.3615882396698,11,Y,S,input,A
236,ThermoMPNN,input,2.3824150562286377,11,Y,T,input,A
237,ThermoMPNN,input,2.446228265762329,11,Y,V,input,A
238,ThermoMPNN,input,0.9387294054031372,11,Y,W,input,A
239,ThermoMPNN,input,0.0,11,Y,Y,input,A
240,ThermoMPNN,input,1.4602234363555908,12,G,A,input,A
241,ThermoMPNN,input,0.7883040904998779,12,G,C,input,A
242,ThermoMPNN,input,1.6404006481170654,12,G,D,input,A
243,ThermoMPNN,input,1.6938583850860596,12,G,E,input,A
244,ThermoMPNN,input,1.3952258825302124,12,G,F,input,A
245,ThermoMPNN,input,0.0,12,G,G,input,A
246,ThermoMPNN,input,1.2756524085998535,12,G,H,input,A
247,ThermoMPNN,input,1.8341540098190308,12,G,I,input,A
248,ThermoMPNN,input,1.4984321594238281,12,G,K,input,A
249,ThermoMPNN,input,1.386276125907898,12,G,L,input,A
250,ThermoMPNN,input,1.389632225036621,12,G,M,input,A
251,ThermoMPNN,input,1.209248661994934,12,G,N,input,A
252,ThermoMPNN,input,2.3822147846221924,12,G,P,input,A
253,ThermoMPNN,input,1.5237313508987427,12,G,Q,input,A
254,ThermoMPNN,input,1.564457893371582,12,G,R,input,A
255,ThermoMPNN,input,1.5340781211853027,12,G,S,input,A
256,ThermoMPNN,input,1.8381259441375732,12,G,T,input,A
257,ThermoMPNN,input,1.8476423025131226,12,G,V,input,A
258,ThermoMPNN,input,1.6543406248092651,12,G,W,input,A
259,ThermoMPNN,input,1.55922269821167,12,G,Y,input,A
260,ThermoMPNN,input,2.3685314655303955,13,F,A,input,A
261,ThermoMPNN,input,1.6102601289749146,13,F,C,input,A
262,ThermoMPNN,input,2.890700578689575,13,F,D,input,A
263,ThermoMPNN,input,2.9242520332336426,13,F,E,input,A
264,ThermoMPNN,input,0.0,13,F,F,input,A
265,ThermoMPNN,input,2.782294511795044,13,F,G,input,A
266,ThermoMPNN,input,2.834198474884033,13,F,H,input,A
267,ThermoMPNN,input,1.1490821838378906,13,F,I,input,A
268,ThermoMPNN,input,2.835289239883423,13,F,K,input,A
269,ThermoMPNN,input,1.5036585330963135,13,F,L,input,A
270,ThermoMPNN,input,1.315070390701294,13,F,M,input,A
271,ThermoMPNN,input,2.8387765884399414,13,F,N,input,A
272,ThermoMPNN,input,2.503544569015503,13,F,P,input,A
273,ThermoMPNN,input,2.829745292663574,13,F,Q,input,A
274,ThermoMPNN,input,2.696214437484741,13,F,R,input,A
275,ThermoMPNN,input,2.3998031616210938,13,F,S,input,A
276,ThermoMPNN,input,2.3267388343811035,13,F,T,input,A
277,ThermoMPNN,input,1.2936760187149048,13,F,V,input,A
278,ThermoMPNN,input,0.9872432947158813,13,F,W,input,A
279,ThermoMPNN,input,1.4357883930206299,13,F,Y,input,A
280,ThermoMPNN,input,0.7483915090560913,14,R,A,input,A
281,ThermoMPNN,input,0.852463960647583,14,R,C,input,A
282,ThermoMPNN,input,2.3679487705230713,14,R,D,input,A
283,ThermoMPNN,input,1.9295684099197388,14,R,E,input,A
284,ThermoMPNN,input,1.3481388092041016,14,R,F,input,A
285,ThermoMPNN,input,1.5134508609771729,14,R,G,input,A
286,ThermoMPNN,input,1.0262317657470703,14,R,H,input,A
287,ThermoMPNN,input,1.07511305809021,14,R,I,input,A
288,ThermoMPNN,input,0.4511737823486328,14,R,K,input,A
289,ThermoMPNN,input,1.460811972618103,14,R,L,input,A
290,ThermoMPNN,input,0.9792542457580566,14,R,M,input,A
291,ThermoMPNN,input,1.3294615745544434,14,R,N,input,A
292,ThermoMPNN,input,3.6372339725494385,14,R,P,input,A
293,ThermoMPNN,input,0.957405149936676,14,R,Q,input,A
294,ThermoMPNN,input,0.0,14,R,R,input,A
295,ThermoMPNN,input,0.3189800977706909,14,R,S,input,A
296,ThermoMPNN,input,0.54457688331604,14,R,T,input,A
297,ThermoMPNN,input,1.1433873176574707,14,R,V,input,A
298,ThermoMPNN,input,1.3704487085342407,14,R,W,input,A
299,ThermoMPNN,input,1.257127046585083,14,R,Y,input,A
300,ThermoMPNN,input,2.3036975860595703,15,L,A,input,A
301,ThermoMPNN,input,1.2970563173294067,15,L,C,input,A
302,ThermoMPNN,input,2.9839067459106445,15,L,D,input,A
303,ThermoMPNN,input,2.861217975616455,15,L,E,input,A
304,ThermoMPNN,input,1.4355428218841553,15,L,F,input,A
305,ThermoMPNN,input,2.918827533721924,15,L,G,input,A
306,ThermoMPNN,input,2.862352132797241,15,L,H,input,A
307,ThermoMPNN,input,0.33736562728881836,15,L,I,input,A
308,ThermoMPNN,input,2.799328327178955,15,L,K,input,A
309,ThermoMPNN,input,0.0,15,L,L,input,A
310,ThermoMPNN,input,1.0767297744750977,15,L,M,input,A
311,ThermoMPNN,input,2.9175596237182617,15,L,N,input,A
312,ThermoMPNN,input,2.4630773067474365,15,L,P,input,A
313,ThermoMPNN,input,2.7332725524902344,15,L,Q,input,A
314,ThermoMPNN,input,3.010282039642334,15,L,R,input,A
315,ThermoMPNN,input,2.6803362369537354,15,L,S,input,A
316,ThermoMPNN,input,2.1094307899475098,15,L,T,input,A
317,ThermoMPNN,input,0.6183611154556274,15,L,V,input,A
318,ThermoMPNN,input,2.1017961502075195,15,L,W,input,A
319,ThermoMPNN,input,2.139331817626953,15,L,Y,input,A
320,ThermoMPNN,input,0.6875699758529663,16,G,A,input,A
321,ThermoMPNN,input,0.47318291664123535,16,G,C,input,A
322,ThermoMPNN,input,1.539196252822876,16,G,D,input,A
323,ThermoMPNN,input,1.4102401733398438,16,G,E,input,A
324,ThermoMPNN,input,0.7526952624320984,16,G,F,input,A
325,ThermoMPNN,input,0.0,16,G,G,input,A
326,ThermoMPNN,input,0.9216130375862122,16,G,H,input,A
327,ThermoMPNN,input,0.9638464450836182,16,G,I,input,A
328,ThermoMPNN,input,0.8359994292259216,16,G,K,input,A
329,ThermoMPNN,input,0.7069832682609558,16,G,L,input,A
330,ThermoMPNN,input,0.6485560536384583,16,G,M,input,A
331,ThermoMPNN,input,1.1781483888626099,16,G,N,input,A
332,ThermoMPNN,input,2.515106201171875,16,G,P,input,A
333,ThermoMPNN,input,0.9234331846237183,16,G,Q,input,A
334,ThermoMPNN,input,0.7774325609207153,16,G,R,input,A
335,ThermoMPNN,input,0.774717390537262,16,G,S,input,A
336,ThermoMPNN,input,1.1048862934112549,16,G,T,input,A
337,ThermoMPNN,input,0.94435054063797,16,G,V,input,A
338,ThermoMPNN,input,1.031813383102417,16,G,W,input,A
339,ThermoMPNN,input,0.985340416431427,16,G,Y,input,A
340,ThermoMPNN,input,2.930121898651123,17,F,A,input,A
341,ThermoMPNN,input,1.557975172996521,17,F,C,input,A
342,ThermoMPNN,input,3.3848979473114014,17,F,D,input,A
343,ThermoMPNN,input,3.3470022678375244,17,F,E,input,A
344,ThermoMPNN,input,0.0,17,F,F,input,A
345,ThermoMPNN,input,2.8027050495147705,17,F,G,input,A
346,ThermoMPNN,input,2.40583872795105,17,F,H,input,A
347,ThermoMPNN,input,2.331982374191284,17,F,I,input,A
348,ThermoMPNN,input,2.756176233291626,17,F,K,input,A
349,ThermoMPNN,input,1.9061493873596191,17,F,L,input,A
350,ThermoMPNN,input,2.040015935897827,17,F,M,input,A
351,ThermoMPNN,input,2.812441825866699,17,F,N,input,A
352,ThermoMPNN,input,2.814533233642578,17,F,P,input,A
353,ThermoMPNN,input,3.0680992603302,17,F,Q,input,A
354,ThermoMPNN,input,2.6355977058410645,17,F,R,input,A
355,ThermoMPNN,input,2.9165210723876953,17,F,S,input,A
356,ThermoMPNN,input,3.0504279136657715,17,F,T,input,A
357,ThermoMPNN,input,2.528712034225464,17,F,V,input,A
358,ThermoMPNN,input,1.4039312601089478,17,F,W,input,A
359,ThermoMPNN,input,1.3249825239181519,17,F,Y,input,A
360,ThermoMPNN,input,0.36132603883743286,18,L,A,input,A
361,ThermoMPNN,input,0.10980010032653809,18,L,C,input,A
362,ThermoMPNN,input,0.0860796570777893,18,L,D,input,A
363,ThermoMPNN,input,0.26224851608276367,18,L,E,input,A
364,ThermoMPNN,input,0.3014603853225708,18,L,F,input,A
365,ThermoMPNN,input,0.8181721568107605,18,L,G,input,A
366,ThermoMPNN,input,0.2640545964241028,18,L,H,input,A
367,ThermoMPNN,input,0.16852152347564697,18,L,I,input,A
368,ThermoMPNN,input,0.4279415011405945,18,L,K,input,A
369,ThermoMPNN,input,0.0,18,L,L,input,A
370,ThermoMPNN,input,0.3046995997428894,18,L,M,input,A
371,ThermoMPNN,input,0.28931981325149536,18,L,N,input,A
372,ThermoMPNN,input,-0.30675530433654785,18,L,P,input,A
373,ThermoMPNN,input,0.37834495306015015,18,L,Q,input,A
374,ThermoMPNN,input,0.4699978828430176,18,L,R,input,A
375,ThermoMPNN,input,0.2552013397216797,18,L,S,input,A
376,ThermoMPNN,input,0.3432120680809021,18,L,T,input,A
377,ThermoMPNN,input,0.32307326793670654,18,L,V,input,A
378,ThermoMPNN,input,0.3370445966720581,18,L,W,input,A
379,ThermoMPNN,input,0.2713329792022705,18,L,Y,input,A
380,ThermoMPNN,input,0.19519412517547607,19,H,A,input,A
381,ThermoMPNN,input,0.09112763404846191,19,H,C,input,A
382,ThermoMPNN,input,0.08117353916168213,19,H,D,input,A
383,ThermoMPNN,input,0.30168986320495605,19,H,E,input,A
384,ThermoMPNN,input,0.3110901117324829,19,H,F,input,A
385,ThermoMPNN,input,0.7655115127563477,19,H,G,input,A
386,ThermoMPNN,input,0.0,19,H,H,input,A
387,ThermoMPNN,input,0.23741012811660767,19,H,I,input,A
388,ThermoMPNN,input,0.2685227394104004,19,H,K,input,A
389,ThermoMPNN,input,0.2898815870285034,19,H,L,input,A
390,ThermoMPNN,input,0.4359900951385498,19,H,M,input,A
391,ThermoMPNN,input,0.030849039554595947,19,H,N,input,A
392,ThermoMPNN,input,0.8242919445037842,19,H,P,input,A
393,ThermoMPNN,input,0.24791580438613892,19,H,Q,input,A
394,ThermoMPNN,input,0.2271764874458313,19,H,R,input,A
395,ThermoMPNN,input,0.14870285987854004,19,H,S,input,A
396,ThermoMPNN,input,0.4034135341644287,19,H,T,input,A
397,ThermoMPNN,input,0.25224989652633667,19,H,V,input,A
398,ThermoMPNN,input,0.32033538818359375,19,H,W,input,A
399,ThermoMPNN,input,0.22248291969299316,19,H,Y,input,A
400,ThermoMPNN,input,0.363223671913147,20,S,A,input,A
401,ThermoMPNN,input,-0.0623323917388916,20,S,C,input,A
402,ThermoMPNN,input,0.7537908554077148,20,S,D,input,A
403,ThermoMPNN,input,0.7512449026107788,20,S,E,input,A
404,ThermoMPNN,input,0.6418651938438416,20,S,F,input,A
405,ThermoMPNN,input,0.8649228811264038,20,S,G,input,A
406,ThermoMPNN,input,-0.15291547775268555,20,S,H,input,A
407,ThermoMPNN,input,1.1658953428268433,20,S,I,input,A
408,ThermoMPNN,input,0.5144248604774475,20,S,K,input,A
409,ThermoMPNN,input,0.4036765694618225,20,S,L,input,A
410,ThermoMPNN,input,0.4298343062400818,20,S,M,input,A
411,ThermoMPNN,input,-0.3378528356552124,20,S,N,input,A
412,ThermoMPNN,input,2.00744891166687,20,S,P,input,A
413,ThermoMPNN,input,0.4788592457771301,20,S,Q,input,A
414,ThermoMPNN,input,0.33502352237701416,20,S,R,input,A
415,ThermoMPNN,input,0.0,20,S,S,input,A
416,ThermoMPNN,input,-0.3191913366317749,20,S,T,input,A
417,ThermoMPNN,input,0.7711833715438843,20,S,V,input,A
418,ThermoMPNN,input,0.796294093132019,20,S,W,input,A
419,ThermoMPNN,input,0.4514963626861572,20,S,Y,input,A
420,ThermoMPNN,input,1.393691062927246,21,G,A,input,A
421,ThermoMPNN,input,0.9285863637924194,21,G,C,input,A
422,ThermoMPNN,input,1.1765105724334717,21,G,D,input,A
423,ThermoMPNN,input,1.6345913410186768,21,G,E,input,A
424,ThermoMPNN,input,1.521242380142212,21,G,F,input,A
425,ThermoMPNN,input,0.0,21,G,G,input,A
426,ThermoMPNN,input,1.407486081123352,21,G,H,input,A
427,ThermoMPNN,input,1.7833205461502075,21,G,I,input,A
428,ThermoMPNN,input,1.72120201587677,21,G,K,input,A
429,ThermoMPNN,input,1.6324044466018677,21,G,L,input,A
430,ThermoMPNN,input,1.5175294876098633,21,G,M,input,A
431,ThermoMPNN,input,1.127880334854126,21,G,N,input,A
432,ThermoMPNN,input,2.063309669494629,21,G,P,input,A
433,ThermoMPNN,input,1.6571787595748901,21,G,Q,input,A
434,ThermoMPNN,input,1.6936702728271484,21,G,R,input,A
435,ThermoMPNN,input,1.259630799293518,21,G,S,input,A
436,ThermoMPNN,input,1.5172293186187744,21,G,T,input,A
437,ThermoMPNN,input,1.810351848602295,21,G,V,input,A
438,ThermoMPNN,input,1.5696537494659424,21,G,W,input,A
439,ThermoMPNN,input,1.6284860372543335,21,G,Y,input,A
440,ThermoMPNN,input,0.8469994068145752,22,T,A,input,A
441,ThermoMPNN,input,0.6992537975311279,22,T,C,input,A
442,ThermoMPNN,input,0.8840991258621216,22,T,D,input,A
443,ThermoMPNN,input,1.2894076108932495,22,T,E,input,A
444,ThermoMPNN,input,1.2517447471618652,22,T,F,input,A
445,ThermoMPNN,input,1.2136428356170654,22,T,G,input,A
446,ThermoMPNN,input,1.4128060340881348,22,T,H,input,A
447,ThermoMPNN,input,1.278751254081726,22,T,I,input,A
448,ThermoMPNN,input,2.133366346359253,22,T,K,input,A
449,ThermoMPNN,input,1.446584701538086,22,T,L,input,A
450,ThermoMPNN,input,1.3444437980651855,22,T,M,input,A
451,ThermoMPNN,input,1.1437673568725586,22,T,N,input,A
452,ThermoMPNN,input,1.7287266254425049,22,T,P,input,A
453,ThermoMPNN,input,1.4255625009536743,22,T,Q,input,A
454,ThermoMPNN,input,1.9580950736999512,22,T,R,input,A
455,ThermoMPNN,input,0.45594310760498047,22,T,S,input,A
456,ThermoMPNN,input,0.0,22,T,T,input,A
457,ThermoMPNN,input,0.789840817451477,22,T,V,input,A
458,ThermoMPNN,input,0.7255951166152954,22,T,W,input,A
459,ThermoMPNN,input,1.0874948501586914,22,T,Y,input,A
460,ThermoMPNN,input,0.0,23,A,A,input,A
461,ThermoMPNN,input,0.10310935974121094,23,A,C,input,A
462,ThermoMPNN,input,0.06947648525238037,23,A,D,input,A
463,ThermoMPNN,input,0.08981043100357056,23,A,E,input,A
464,ThermoMPNN,input,0.6104968190193176,23,A,F,input,A
465,ThermoMPNN,input,0.16838449239730835,23,A,G,input,A
466,ThermoMPNN,input,0.39697784185409546,23,A,H,input,A
467,ThermoMPNN,input,0.6351611614227295,23,A,I,input,A
468,ThermoMPNN,input,0.42220771312713623,23,A,K,input,A
469,ThermoMPNN,input,0.5177885293960571,23,A,L,input,A
470,ThermoMPNN,input,0.4256875514984131,23,A,M,input,A
471,ThermoMPNN,input,0.29731202125549316,23,A,N,input,A
472,ThermoMPNN,input,0.645728349685669,23,A,P,input,A
473,ThermoMPNN,input,0.3143361806869507,23,A,Q,input,A
474,ThermoMPNN,input,0.5062704682350159,23,A,R,input,A
475,ThermoMPNN,input,0.12200987339019775,23,A,S,input,A
476,ThermoMPNN,input,0.3692449927330017,23,A,T,input,A
477,ThermoMPNN,input,0.6615259647369385,23,A,V,input,A
478,ThermoMPNN,input,0.5093531012535095,23,A,W,input,A
479,ThermoMPNN,input,0.5974076986312866,23,A,Y,input,A
480,ThermoMPNN,input,-0.3617092967033386,24,K,A,input,A
481,ThermoMPNN,input,-0.17985302209854126,24,K,C,input,A
482,ThermoMPNN,input,-0.14472156763076782,24,K,D,input,A
483,ThermoMPNN,input,-0.42282646894454956,24,K,E,input,A
484,ThermoMPNN,input,0.4417923092842102,24,K,F,input,A
485,ThermoMPNN,input,0.25917375087738037,24,K,G,input,A
486,ThermoMPNN,input,-0.0651513934135437,24,K,H,input,A
487,ThermoMPNN,input,0.19751906394958496,24,K,I,input,A
488,ThermoMPNN,input,0.0,24,K,K,input,A
489,ThermoMPNN,input,0.1841503381729126,24,K,L,input,A
490,ThermoMPNN,input,0.21512821316719055,24,K,M,input,A
491,ThermoMPNN,input,0.03635364770889282,24,K,N,input,A
492,ThermoMPNN,input,-0.28620249032974243,24,K,P,input,A
493,ThermoMPNN,input,-0.19875121116638184,24,K,Q,input,A
494,ThermoMPNN,input,0.1576240062713623,24,K,R,input,A
495,ThermoMPNN,input,-0.3322015404701233,24,K,S,input,A
496,ThermoMPNN,input,0.16020303964614868,24,K,T,input,A
497,ThermoMPNN,input,0.16561949253082275,24,K,V,input,A
498,ThermoMPNN,input,0.3073008358478546,24,K,W,input,A
499,ThermoMPNN,input,0.27553972601890564,24,K,Y,input,A
500,ThermoMPNN,input,0.16124993562698364,25,S,A,input,A
501,ThermoMPNN,input,-0.17158889770507812,25,S,C,input,A
502,ThermoMPNN,input,-0.2285323143005371,25,S,D,input,A
503,ThermoMPNN,input,-0.0010854005813598633,25,S,E,input,A
504,ThermoMPNN,input,0.17176854610443115,25,S,F,input,A
505,ThermoMPNN,input,-0.07151222229003906,25,S,G,input,A
506,ThermoMPNN,input,0.12346649169921875,25,S,H,input,A
507,ThermoMPNN,input,0.6473828554153442,25,S,I,input,A
508,ThermoMPNN,input,0.39362800121307373,25,S,K,input,A
509,ThermoMPNN,input,0.5253605246543884,25,S,L,input,A
510,ThermoMPNN,input,0.4467465877532959,25,S,M,input,A
511,ThermoMPNN,input,0.012258589267730713,25,S,N,input,A
512,ThermoMPNN,input,0.6078087091445923,25,S,P,input,A
513,ThermoMPNN,input,0.27102547883987427,25,S,Q,input,A
514,ThermoMPNN,input,0.40181151032447815,25,S,R,input,A
515,ThermoMPNN,input,0.0,25,S,S,input,A
516,ThermoMPNN,input,0.16775691509246826,25,S,T,input,A
517,ThermoMPNN,input,0.5869697332382202,25,S,V,input,A
518,ThermoMPNN,input,-0.06632953882217407,25,S,W,input,A
519,ThermoMPNN,input,0.0466495156288147,25,S,Y,input,A
520,ThermoMPNN,input,1.0671937465667725,26,V,A,input,A
521,ThermoMPNN,input,0.8548173904418945,26,V,C,input,A
522,ThermoMPNN,input,1.8525364398956299,26,V,D,input,A
523,ThermoMPNN,input,1.4592479467391968,26,V,E,input,A
524,ThermoMPNN,input,1.44146728515625,26,V,F,input,A
525,ThermoMPNN,input,2.1502127647399902,26,V,G,input,A
526,ThermoMPNN,input,1.7693425416946411,26,V,H,input,A
527,ThermoMPNN,input,0.38829076290130615,26,V,I,input,A
528,ThermoMPNN,input,1.9976041316986084,26,V,K,input,A
529,ThermoMPNN,input,0.9049322605133057,26,V,L,input,A
530,ThermoMPNN,input,0.9546273946762085,26,V,M,input,A
531,ThermoMPNN,input,2.0578460693359375,26,V,N,input,A
532,ThermoMPNN,input,1.9224789142608643,26,V,P,input,A
533,ThermoMPNN,input,1.4269275665283203,26,V,Q,input,A
534,ThermoMPNN,input,1.8425670862197876,26,V,R,input,A
535,ThermoMPNN,input,1.4420489072799683,26,V,S,input,A
536,ThermoMPNN,input,0.6798290014266968,26,V,T,input,A
537,ThermoMPNN,input,0.0,26,V,V,input,A
538,ThermoMPNN,input,1.5019711256027222,26,V,W,input,A
539,ThermoMPNN,input,1.7094306945800781,26,V,Y,input,A
540,ThermoMPNN,input,0.8678303956985474,27,T,A,input,A
541,ThermoMPNN,input,0.48779141902923584,27,T,C,input,A
542,ThermoMPNN,input,1.0303637981414795,27,T,D,input,A
543,ThermoMPNN,input,0.5379956960678101,27,T,E,input,A
544,ThermoMPNN,input,1.0120779275894165,27,T,F,input,A
545,ThermoMPNN,input,1.1993682384490967,27,T,G,input,A
546,ThermoMPNN,input,0.8949662446975708,27,T,H,input,A
547,ThermoMPNN,input,0.611202597618103,27,T,I,input,A
548,ThermoMPNN,input,0.844997763633728,27,T,K,input,A
549,ThermoMPNN,input,0.6248869299888611,27,T,L,input,A
550,ThermoMPNN,input,0.7091697454452515,27,T,M,input,A
551,ThermoMPNN,input,0.9908209443092346,27,T,N,input,A
552,ThermoMPNN,input,1.470228672027588,27,T,P,input,A
553,ThermoMPNN,input,0.5483745336532593,27,T,Q,input,A
554,ThermoMPNN,input,0.9578337073326111,27,T,R,input,A
555,ThermoMPNN,input,0.5622789859771729,27,T,S,input,A
556,ThermoMPNN,input,0.0,27,T,T,input,A
557,ThermoMPNN,input,0.5154457092285156,27,T,V,input,A
558,ThermoMPNN,input,1.006226897239685,27,T,W,input,A
559,ThermoMPNN,input,1.017279863357544,27,T,Y,input,A
560,ThermoMPNN,input,0.31699705123901367,28,C,A,input,A
561,ThermoMPNN,input,0.0,28,C,C,input,A
562,ThermoMPNN,input,1.8440592288970947,28,C,D,input,A
563,ThermoMPNN,input,1.9049779176712036,28,C,E,input,A
564,ThermoMPNN,input,-0.1932307481765747,28,C,F,input,A
565,ThermoMPNN,input,1.899482011795044,28,C,G,input,A
566,ThermoMPNN,input,1.1131566762924194,28,C,H,input,A
567,ThermoMPNN,input,0.22129034996032715,28,C,I,input,A
568,ThermoMPNN,input,2.0755064487457275,28,C,K,input,A
569,ThermoMPNN,input,0.8286062479019165,28,C,L,input,A
570,ThermoMPNN,input,0.5948199033737183,28,C,M,input,A
571,ThermoMPNN,input,1.741990327835083,28,C,N,input,A
572,ThermoMPNN,input,1.6232513189315796,28,C,P,input,A
573,ThermoMPNN,input,1.6051777601242065,28,C,Q,input,A
574,ThermoMPNN,input,2.0586304664611816,28,C,R,input,A
575,ThermoMPNN,input,0.5324979424476624,28,C,S,input,A
576,ThermoMPNN,input,0.6123432517051697,28,C,T,input,A
577,ThermoMPNN,input,-0.12343692779541016,28,C,V,input,A
578,ThermoMPNN,input,-0.01196587085723877,28,C,W,input,A
579,ThermoMPNN,input,-0.031561851501464844,28,C,Y,input,A
580,ThermoMPNN,input,0.5924493074417114,29,T,A,input,A
581,ThermoMPNN,input,0.4036986827850342,29,T,C,input,A
582,ThermoMPNN,input,2.325206756591797,29,T,D,input,A
583,ThermoMPNN,input,2.0354485511779785,29,T,E,input,A
584,ThermoMPNN,input,0.9918062686920166,29,T,F,input,A
585,ThermoMPNN,input,1.4473376274108887,29,T,G,input,A
586,ThermoMPNN,input,1.6832064390182495,29,T,H,input,A
587,ThermoMPNN,input,0.4273529052734375,29,T,I,input,A
588,ThermoMPNN,input,1.8958265781402588,29,T,K,input,A
589,ThermoMPNN,input,1.049702763557434,29,T,L,input,A
590,ThermoMPNN,input,1.0687905550003052,29,T,M,input,A
591,ThermoMPNN,input,1.939755916595459,29,T,N,input,A
592,ThermoMPNN,input,1.6377670764923096,29,T,P,input,A
593,ThermoMPNN,input,1.8269236087799072,29,T,Q,input,A
594,ThermoMPNN,input,1.6234352588653564,29,T,R,input,A
595,ThermoMPNN,input,0.8281500935554504,29,T,S,input,A
596,ThermoMPNN,input,0.0,29,T,T,input,A
597,ThermoMPNN,input,-0.04431116580963135,29,T,V,input,A
598,ThermoMPNN,input,1.316312313079834,29,T,W,input,A
599,ThermoMPNN,input,1.0661678314208984,29,T,Y,input,A
600,ThermoMPNN,input,3.403559446334839,30,Y,A,input,A
601,ThermoMPNN,input,2.6585960388183594,30,Y,C,input,A
602,ThermoMPNN,input,3.550715446472168,30,Y,D,input,A
603,ThermoMPNN,input,3.646566390991211,30,Y,E,input,A
604,ThermoMPNN,input,0.5541563034057617,30,Y,F,input,A
605,ThermoMPNN,input,3.355673313140869,30,Y,G,input,A
606,ThermoMPNN,input,2.2657413482666016,30,Y,H,input,A
607,ThermoMPNN,input,3.018087148666382,30,Y,I,input,A
608,ThermoMPNN,input,3.355462074279785,30,Y,K,input,A
609,ThermoMPNN,input,2.8028640747070312,30,Y,L,input,A
610,ThermoMPNN,input,2.759382963180542,30,Y,M,input,A
611,ThermoMPNN,input,3.244305372238159,30,Y,N,input,A
612,ThermoMPNN,input,2.9989609718322754,30,Y,P,input,A
613,ThermoMPNN,input,3.2807860374450684,30,Y,Q,input,A
614,ThermoMPNN,input,2.995853900909424,30,Y,R,input,A
615,ThermoMPNN,input,3.4932355880737305,30,Y,S,input,A
616,ThermoMPNN,input,3.3330156803131104,30,Y,T,input,A
617,ThermoMPNN,input,2.9944238662719727,30,Y,V,input,A
618,ThermoMPNN,input,0.7435531616210938,30,Y,W,input,A
619,ThermoMPNN,input,0.0,30,Y,Y,input,A
620,ThermoMPNN,input,1.8893389701843262,31,S,A,input,A
621,ThermoMPNN,input,1.4585121870040894,31,S,C,input,A
622,ThermoMPNN,input,1.5776281356811523,31,S,D,input,A
623,ThermoMPNN,input,2.7541556358337402,31,S,E,input,A
624,ThermoMPNN,input,2.378326892852783,31,S,F,input,A
625,ThermoMPNN,input,2.5029642581939697,31,S,G,input,A
626,ThermoMPNN,input,2.123889923095703,31,S,H,input,A
627,ThermoMPNN,input,2.2114529609680176,31,S,I,input,A
628,ThermoMPNN,input,2.284485340118408,31,S,K,input,A
629,ThermoMPNN,input,2.4482429027557373,31,S,L,input,A
630,ThermoMPNN,input,2.164961576461792,31,S,M,input,A
631,ThermoMPNN,input,0.9606850147247314,31,S,N,input,A
632,ThermoMPNN,input,3.1040375232696533,31,S,P,input,A
633,ThermoMPNN,input,2.371802568435669,31,S,Q,input,A
634,ThermoMPNN,input,2.0298635959625244,31,S,R,input,A
635,ThermoMPNN,input,0.0,31,S,S,input,A
636,ThermoMPNN,input,1.3633970022201538,31,S,T,input,A
637,ThermoMPNN,input,2.3278393745422363,31,S,V,input,A
638,ThermoMPNN,input,2.6410536766052246,31,S,W,input,A
639,ThermoMPNN,input,2.7647175788879395,31,S,Y,input,A
640,ThermoMPNN,input,0.43048977851867676,32,P,A,input,A
641,ThermoMPNN,input,0.4921339750289917,32,P,C,input,A
642,ThermoMPNN,input,0.6751060485839844,32,P,D,input,A
643,ThermoMPNN,input,0.4261569380760193,32,P,E,input,A
644,ThermoMPNN,input,0.896836519241333,32,P,F,input,A
645,ThermoMPNN,input,0.959440290927887,32,P,G,input,A
646,ThermoMPNN,input,0.6410531401634216,32,P,H,input,A
647,ThermoMPNN,input,0.7208631038665771,32,P,I,input,A
648,ThermoMPNN,input,0.5875576138496399,32,P,K,input,A
649,ThermoMPNN,input,0.7589638829231262,32,P,L,input,A
650,ThermoMPNN,input,0.7306935787200928,32,P,M,input,A
651,ThermoMPNN,input,0.789635181427002,32,P,N,input,A
652,ThermoMPNN,input,0.0,32,P,P,input,A
653,ThermoMPNN,input,0.48046058416366577,32,P,Q,input,A
654,ThermoMPNN,input,0.7105342149734497,32,P,R,input,A
655,ThermoMPNN,input,0.4536711573600769,32,P,S,input,A
656,ThermoMPNN,input,0.738834798336029,32,P,T,input,A
657,ThermoMPNN,input,0.7387118339538574,32,P,V,input,A
658,ThermoMPNN,input,0.7972850799560547,32,P,W,input,A
659,ThermoMPNN,input,0.7650845050811768,32,P,Y,input,A
660,ThermoMPNN,input,0.0,33,A,A,input,A
661,ThermoMPNN,input,0.24698293209075928,33,A,C,input,A
662,ThermoMPNN,input,0.5342794060707092,33,A,D,input,A
663,ThermoMPNN,input,0.3658718466758728,33,A,E,input,A
664,ThermoMPNN,input,0.7904135584831238,33,A,F,input,A
665,ThermoMPNN,input,0.7642900943756104,33,A,G,input,A
666,ThermoMPNN,input,0.3879127502441406,33,A,H,input,A
667,ThermoMPNN,input,0.31181973218917847,33,A,I,input,A
668,ThermoMPNN,input,-0.049005985260009766,33,A,K,input,A
669,ThermoMPNN,input,0.09911143779754639,33,A,L,input,A
670,ThermoMPNN,input,0.27221065759658813,33,A,M,input,A
671,ThermoMPNN,input,0.3822298049926758,33,A,N,input,A
672,ThermoMPNN,input,0.8758302927017212,33,A,P,input,A
673,ThermoMPNN,input,0.0721210241317749,33,A,Q,input,A
674,ThermoMPNN,input,0.0836038589477539,33,A,R,input,A
675,ThermoMPNN,input,0.2944151759147644,33,A,S,input,A
676,ThermoMPNN,input,0.3965701460838318,33,A,T,input,A
677,ThermoMPNN,input,0.32596051692962646,33,A,V,input,A
678,ThermoMPNN,input,0.762555718421936,33,A,W,input,A
679,ThermoMPNN,input,0.7407971620559692,33,A,Y,input,A
680,ThermoMPNN,input,2.426321268081665,34,L,A,input,A
681,ThermoMPNN,input,1.5204308032989502,34,L,C,input,A
682,ThermoMPNN,input,2.622251510620117,34,L,D,input,A
683,ThermoMPNN,input,2.58241868019104,34,L,E,input,A
684,ThermoMPNN,input,1.643998384475708,34,L,F,input,A
685,ThermoMPNN,input,2.7727952003479004,34,L,G,input,A
686,ThermoMPNN,input,2.445955753326416,34,L,H,input,A
687,ThermoMPNN,input,1.4768091440200806,34,L,I,input,A
688,ThermoMPNN,input,2.314605951309204,34,L,K,input,A
689,ThermoMPNN,input,0.0,34,L,L,input,A
690,ThermoMPNN,input,1.118257761001587,34,L,M,input,A
691,ThermoMPNN,input,2.5625758171081543,34,L,N,input,A
692,ThermoMPNN,input,3.0205111503601074,34,L,P,input,A
693,ThermoMPNN,input,2.2534127235412598,34,L,Q,input,A
694,ThermoMPNN,input,2.448793411254883,34,L,R,input,A
695,ThermoMPNN,input,2.4955639839172363,34,L,S,input,A
696,ThermoMPNN,input,2.0801432132720947,34,L,T,input,A
697,ThermoMPNN,input,1.7630114555358887,34,L,V,input,A
698,ThermoMPNN,input,1.9478397369384766,34,L,W,input,A
699,ThermoMPNN,input,2.03082537651062,34,L,Y,input,A
700,ThermoMPNN,input,0.9544708728790283,35,N,A,input,A
701,ThermoMPNN,input,0.4437899589538574,35,N,C,input,A
702,ThermoMPNN,input,0.9431323409080505,35,N,D,input,A
703,ThermoMPNN,input,1.1487020254135132,35,N,E,input,A
704,ThermoMPNN,input,0.9972931146621704,35,N,F,input,A
705,ThermoMPNN,input,0.7080528140068054,35,N,G,input,A
706,ThermoMPNN,input,0.6506441831588745,35,N,H,input,A
707,ThermoMPNN,input,1.5554530620574951,35,N,I,input,A
708,ThermoMPNN,input,0.6946742534637451,35,N,K,input,A
709,ThermoMPNN,input,0.9464714527130127,35,N,L,input,A
710,ThermoMPNN,input,0.8779268264770508,35,N,M,input,A
711,ThermoMPNN,input,0.0,35,N,N,input,A
712,ThermoMPNN,input,2.4210331439971924,35,N,P,input,A
713,ThermoMPNN,input,0.7154316902160645,35,N,Q,input,A
714,ThermoMPNN,input,0.9157091975212097,35,N,R,input,A
715,ThermoMPNN,input,0.7646867632865906,35,N,S,input,A
716,ThermoMPNN,input,1.4261690378189087,35,N,T,input,A
717,ThermoMPNN,input,1.45166015625,35,N,V,input,A
718,ThermoMPNN,input,1.1436488628387451,35,N,W,input,A
719,ThermoMPNN,input,1.1779648065567017,35,N,Y,input,A
720,ThermoMPNN,input,0.6674337387084961,36,K,A,input,A
721,ThermoMPNN,input,0.8076635599136353,36,K,C,input,A
722,ThermoMPNN,input,2.337641716003418,36,K,D,input,A
723,ThermoMPNN,input,1.2515759468078613,36,K,E,input,A
724,ThermoMPNN,input,1.4360017776489258,36,K,F,input,A
725,ThermoMPNN,input,2.1014904975891113,36,K,G,input,A
726,ThermoMPNN,input,1.4690437316894531,36,K,H,input,A
727,ThermoMPNN,input,0.5353831052780151,36,K,I,input,A
728,ThermoMPNN,input,0.0,36,K,K,input,A
729,ThermoMPNN,input,0.4277231693267822,36,K,L,input,A
730,ThermoMPNN,input,0.24337232112884521,36,K,M,input,A
731,ThermoMPNN,input,1.719409704208374,36,K,N,input,A
732,ThermoMPNN,input,2.294156074523926,36,K,P,input,A
733,ThermoMPNN,input,0.2253434658050537,36,K,Q,input,A
734,ThermoMPNN,input,0.13104486465454102,36,K,R,input,A
735,ThermoMPNN,input,1.0599629878997803,36,K,S,input,A
736,ThermoMPNN,input,0.6897904872894287,36,K,T,input,A
737,ThermoMPNN,input,0.5932620763778687,36,K,V,input,A
738,ThermoMPNN,input,1.3527051210403442,36,K,W,input,A
739,ThermoMPNN,input,1.581247091293335,36,K,Y,input,A
740,ThermoMPNN,input,2.2874040603637695,37,M,A,input,A
741,ThermoMPNN,input,1.5681864023208618,37,M,C,input,A
742,ThermoMPNN,input,3.260765790939331,37,M,D,input,A
743,ThermoMPNN,input,3.230926036834717,37,M,E,input,A
744,ThermoMPNN,input,0.958479642868042,37,M,F,input,A
745,ThermoMPNN,input,3.465829849243164,37,M,G,input,A
746,ThermoMPNN,input,3.250077247619629,37,M,H,input,A
747,ThermoMPNN,input,-0.377155065536499,37,M,I,input,A
748,ThermoMPNN,input,3.347686529159546,37,M,K,input,A
749,ThermoMPNN,input,-0.47399115562438965,37,M,L,input,A
750,ThermoMPNN,input,0.0,37,M,M,input,A
751,ThermoMPNN,input,3.2240028381347656,37,M,N,input,A
752,ThermoMPNN,input,3.3251638412475586,37,M,P,input,A
753,ThermoMPNN,input,2.931664228439331,37,M,Q,input,A
754,ThermoMPNN,input,3.035236120223999,37,M,R,input,A
755,ThermoMPNN,input,3.1616127490997314,37,M,S,input,A
756,ThermoMPNN,input,2.537869930267334,37,M,T,input,A
757,ThermoMPNN,input,0.4179821014404297,37,M,V,input,A
758,ThermoMPNN,input,2.2470602989196777,37,M,W,input,A
759,ThermoMPNN,input,2.411403179168701,37,M,Y,input,A
760,ThermoMPNN,input,2.4982872009277344,38,F,A,input,A
761,ThermoMPNN,input,1.7280091047286987,38,F,C,input,A
762,ThermoMPNN,input,2.536371946334839,38,F,D,input,A
763,ThermoMPNN,input,2.5566227436065674,38,F,E,input,A
764,ThermoMPNN,input,0.0,38,F,F,input,A
765,ThermoMPNN,input,2.722142219543457,38,F,G,input,A
766,ThermoMPNN,input,2.0092687606811523,38,F,H,input,A
767,ThermoMPNN,input,1.7039036750793457,38,F,I,input,A
768,ThermoMPNN,input,2.648084878921509,38,F,K,input,A
769,ThermoMPNN,input,1.799185037612915,38,F,L,input,A
770,ThermoMPNN,input,1.8028285503387451,38,F,M,input,A
771,ThermoMPNN,input,2.5859458446502686,38,F,N,input,A
772,ThermoMPNN,input,2.5378642082214355,38,F,P,input,A
773,ThermoMPNN,input,2.543090581893921,38,F,Q,input,A
774,ThermoMPNN,input,2.4845988750457764,38,F,R,input,A
775,ThermoMPNN,input,2.457247257232666,38,F,S,input,A
776,ThermoMPNN,input,2.2664177417755127,38,F,T,input,A
777,ThermoMPNN,input,1.8580470085144043,38,F,V,input,A
778,ThermoMPNN,input,0.46982288360595703,38,F,W,input,A
779,ThermoMPNN,input,0.10645413398742676,38,F,Y,input,A
780,ThermoMPNN,input,0.38333654403686523,39,C,A,input,A
781,ThermoMPNN,input,0.0,39,C,C,input,A
782,ThermoMPNN,input,2.7126617431640625,39,C,D,input,A
783,ThermoMPNN,input,2.3714990615844727,39,C,E,input,A
784,ThermoMPNN,input,0.724027156829834,39,C,F,input,A
785,ThermoMPNN,input,1.664681315422058,39,C,G,input,A
786,ThermoMPNN,input,1.991980791091919,39,C,H,input,A
787,ThermoMPNN,input,0.0211639404296875,39,C,I,input,A
788,ThermoMPNN,input,2.2361397743225098,39,C,K,input,A
789,ThermoMPNN,input,0.7865942716598511,39,C,L,input,A
790,ThermoMPNN,input,0.749250054359436,39,C,M,input,A
791,ThermoMPNN,input,2.4128754138946533,39,C,N,input,A
792,ThermoMPNN,input,1.9056453704833984,39,C,P,input,A
793,ThermoMPNN,input,2.0272281169891357,39,C,Q,input,A
794,ThermoMPNN,input,2.240874767303467,39,C,R,input,A
795,ThermoMPNN,input,1.0054773092269897,39,C,S,input,A
796,ThermoMPNN,input,0.5882344245910645,39,C,T,input,A
797,ThermoMPNN,input,-0.2740974426269531,39,C,V,input,A
798,ThermoMPNN,input,1.1952035427093506,39,C,W,input,A
799,ThermoMPNN,input,1.1403982639312744,39,C,Y,input,A
800,ThermoMPNN,input,0.6977492570877075,40,Q,A,input,A
801,ThermoMPNN,input,0.6448761224746704,40,Q,C,input,A
802,ThermoMPNN,input,2.2259111404418945,40,Q,D,input,A
803,ThermoMPNN,input,1.209397315979004,40,Q,E,input,A
804,ThermoMPNN,input,0.8590253591537476,40,Q,F,input,A
805,ThermoMPNN,input,1.4394831657409668,40,Q,G,input,A
806,ThermoMPNN,input,1.167475938796997,40,Q,H,input,A
807,ThermoMPNN,input,0.4050016403198242,40,Q,I,input,A
808,ThermoMPNN,input,0.37783992290496826,40,Q,K,input,A
809,ThermoMPNN,input,0.8502030372619629,40,Q,L,input,A
810,ThermoMPNN,input,0.10664772987365723,40,Q,M,input,A
811,ThermoMPNN,input,1.648805856704712,40,Q,N,input,A
812,ThermoMPNN,input,2.3937742710113525,40,Q,P,input,A
813,ThermoMPNN,input,0.0,40,Q,Q,input,A
814,ThermoMPNN,input,0.4214376211166382,40,Q,R,input,A
815,ThermoMPNN,input,0.9003366827964783,40,Q,S,input,A
816,ThermoMPNN,input,0.9072386026382446,40,Q,T,input,A
817,ThermoMPNN,input,0.5545361042022705,40,Q,V,input,A
818,ThermoMPNN,input,1.4946823120117188,40,Q,W,input,A
819,ThermoMPNN,input,1.514648199081421,40,Q,Y,input,A
820,ThermoMPNN,input,0.9481747150421143,41,L,A,input,A
821,ThermoMPNN,input,0.5412784814834595,41,L,C,input,A
822,ThermoMPNN,input,2.082440137863159,41,L,D,input,A
823,ThermoMPNN,input,0.9407440423965454,41,L,E,input,A
824,ThermoMPNN,input,0.5771154761314392,41,L,F,input,A
825,ThermoMPNN,input,1.9055402278900146,41,L,G,input,A
826,ThermoMPNN,input,1.001556396484375,41,L,H,input,A
827,ThermoMPNN,input,-0.00437319278717041,41,L,I,input,A
828,ThermoMPNN,input,0.40355461835861206,41,L,K,input,A
829,ThermoMPNN,input,0.0,41,L,L,input,A
830,ThermoMPNN,input,0.36368048191070557,41,L,M,input,A
831,ThermoMPNN,input,1.5621602535247803,41,L,N,input,A
832,ThermoMPNN,input,0.6767044067382812,41,L,P,input,A
833,ThermoMPNN,input,0.7231132984161377,41,L,Q,input,A
834,ThermoMPNN,input,0.3842531442642212,41,L,R,input,A
835,ThermoMPNN,input,1.3714230060577393,41,L,S,input,A
836,ThermoMPNN,input,1.1918067932128906,41,L,T,input,A
837,ThermoMPNN,input,0.24070954322814941,41,L,V,input,A
838,ThermoMPNN,input,0.49337702989578247,41,L,W,input,A
839,ThermoMPNN,input,0.6102446913719177,41,L,Y,input,A
840,ThermoMPNN,input,0.0,42,A,A,input,A
841,ThermoMPNN,input,-0.5170938968658447,42,A,C,input,A
842,ThermoMPNN,input,0.31666481494903564,42,A,D,input,A
843,ThermoMPNN,input,0.352483868598938,42,A,E,input,A
844,ThermoMPNN,input,-0.18128138780593872,42,A,F,input,A
845,ThermoMPNN,input,-0.6383745670318604,42,A,G,input,A
846,ThermoMPNN,input,-0.1663128137588501,42,A,H,input,A
847,ThermoMPNN,input,0.8356980085372925,42,A,I,input,A
848,ThermoMPNN,input,-0.012892663478851318,42,A,K,input,A
849,ThermoMPNN,input,-0.16976255178451538,42,A,L,input,A
850,ThermoMPNN,input,-0.27021288871765137,42,A,M,input,A
851,ThermoMPNN,input,-0.21952283382415771,42,A,N,input,A
852,ThermoMPNN,input,1.2036030292510986,42,A,P,input,A
853,ThermoMPNN,input,0.04529595375061035,42,A,Q,input,A
854,ThermoMPNN,input,0.02957439422607422,42,A,R,input,A
855,ThermoMPNN,input,0.32500243186950684,42,A,S,input,A
856,ThermoMPNN,input,0.730046272277832,42,A,T,input,A
857,ThermoMPNN,input,0.7062994241714478,42,A,V,input,A
858,ThermoMPNN,input,0.16909903287887573,42,A,W,input,A
859,ThermoMPNN,input,0.024419724941253662,42,A,Y,input,A
860,ThermoMPNN,input,-0.13698506355285645,43,K,A,input,A
861,ThermoMPNN,input,-0.16080725193023682,43,K,C,input,A
862,ThermoMPNN,input,1.4642722606658936,43,K,D,input,A
863,ThermoMPNN,input,0.5888529419898987,43,K,E,input,A
864,ThermoMPNN,input,0.2408045530319214,43,K,F,input,A
865,ThermoMPNN,input,0.7943567037582397,43,K,G,input,A
866,ThermoMPNN,input,0.2674659490585327,43,K,H,input,A
867,ThermoMPNN,input,0.6100820899009705,43,K,I,input,A
868,ThermoMPNN,input,0.0,43,K,K,input,A
869,ThermoMPNN,input,0.10588526725769043,43,K,L,input,A
870,ThermoMPNN,input,-0.06874942779541016,43,K,M,input,A
871,ThermoMPNN,input,0.7862637042999268,43,K,N,input,A
872,ThermoMPNN,input,2.7332611083984375,43,K,P,input,A
873,ThermoMPNN,input,-0.006828904151916504,43,K,Q,input,A
874,ThermoMPNN,input,0.13714110851287842,43,K,R,input,A
875,ThermoMPNN,input,0.38122326135635376,43,K,S,input,A
876,ThermoMPNN,input,0.6532374024391174,43,K,T,input,A
877,ThermoMPNN,input,0.5048116445541382,43,K,V,input,A
878,ThermoMPNN,input,0.5428000688552856,43,K,W,input,A
879,ThermoMPNN,input,0.37888580560684204,43,K,Y,input,A
880,ThermoMPNN,input,0.5161155462265015,44,T,A,input,A
881,ThermoMPNN,input,0.06908738613128662,44,T,C,input,A
882,ThermoMPNN,input,0.9412917494773865,44,T,D,input,A
883,ThermoMPNN,input,0.9868452548980713,44,T,E,input,A
884,ThermoMPNN,input,0.3949533700942993,44,T,F,input,A
885,ThermoMPNN,input,0.8565822243690491,44,T,G,input,A
886,ThermoMPNN,input,0.15314996242523193,44,T,H,input,A
887,ThermoMPNN,input,-0.3766466975212097,44,T,I,input,A
888,ThermoMPNN,input,-0.16568607091903687,44,T,K,input,A
889,ThermoMPNN,input,0.07557410001754761,44,T,L,input,A
890,ThermoMPNN,input,0.3096633553504944,44,T,M,input,A
891,ThermoMPNN,input,0.24128282070159912,44,T,N,input,A
892,ThermoMPNN,input,-0.0034722089767456055,44,T,P,input,A
893,ThermoMPNN,input,0.5427517890930176,44,T,Q,input,A
894,ThermoMPNN,input,-0.16060155630111694,44,T,R,input,A
895,ThermoMPNN,input,0.18928313255310059,44,T,S,input,A
896,ThermoMPNN,input,0.0,44,T,T,input,A
897,ThermoMPNN,input,0.05334758758544922,44,T,V,input,A
898,ThermoMPNN,input,0.37392574548721313,44,T,W,input,A
899,ThermoMPNN,input,0.19522613286972046,44,T,Y,input,A
900,ThermoMPNN,input,0.06698238849639893,45,C,A,input,A
901,ThermoMPNN,input,0.0,45,C,C,input,A
902,ThermoMPNN,input,1.9730329513549805,45,C,D,input,A
903,ThermoMPNN,input,1.9756124019622803,45,C,E,input,A
904,ThermoMPNN,input,0.32599544525146484,45,C,F,input,A
905,ThermoMPNN,input,1.3392796516418457,45,C,G,input,A
906,ThermoMPNN,input,1.3336867094039917,45,C,H,input,A
907,ThermoMPNN,input,0.2333362102508545,45,C,I,input,A
908,ThermoMPNN,input,1.9781347513198853,45,C,K,input,A
909,ThermoMPNN,input,0.6574864983558655,45,C,L,input,A
910,ThermoMPNN,input,0.5703932046890259,45,C,M,input,A
911,ThermoMPNN,input,1.6990628242492676,45,C,N,input,A
912,ThermoMPNN,input,1.4491251707077026,45,C,P,input,A
913,ThermoMPNN,input,1.5924943685531616,45,C,Q,input,A
914,ThermoMPNN,input,1.9698615074157715,45,C,R,input,A
915,ThermoMPNN,input,0.6362229585647583,45,C,S,input,A
916,ThermoMPNN,input,0.5743178725242615,45,C,T,input,A
917,ThermoMPNN,input,-0.11234498023986816,45,C,V,input,A
918,ThermoMPNN,input,0.8040913939476013,45,C,W,input,A
919,ThermoMPNN,input,0.7049439549446106,45,C,Y,input,A
920,ThermoMPNN,input,2.0009562969207764,46,P,A,input,A
921,ThermoMPNN,input,1.236460566520691,46,P,C,input,A
922,ThermoMPNN,input,3.154740571975708,46,P,D,input,A
923,ThermoMPNN,input,2.2217159271240234,46,P,E,input,A
924,ThermoMPNN,input,1.6241309642791748,46,P,F,input,A
925,ThermoMPNN,input,2.9167697429656982,46,P,G,input,A
926,ThermoMPNN,input,2.119638442993164,46,P,H,input,A
927,ThermoMPNN,input,1.2297276258468628,46,P,I,input,A
928,ThermoMPNN,input,1.858413577079773,46,P,K,input,A
929,ThermoMPNN,input,1.394705891609192,46,P,L,input,A
930,ThermoMPNN,input,1.5398401021957397,46,P,M,input,A
931,ThermoMPNN,input,2.6279618740081787,46,P,N,input,A
932,ThermoMPNN,input,0.0,46,P,P,input,A
933,ThermoMPNN,input,2.123340606689453,46,P,Q,input,A
934,ThermoMPNN,input,1.9747419357299805,46,P,R,input,A
935,ThermoMPNN,input,2.312241792678833,46,P,S,input,A
936,ThermoMPNN,input,2.134134292602539,46,P,T,input,A
937,ThermoMPNN,input,1.3504908084869385,46,P,V,input,A
938,ThermoMPNN,input,1.6112282276153564,46,P,W,input,A
939,ThermoMPNN,input,1.5488994121551514,46,P,Y,input,A
940,ThermoMPNN,input,2.68884539604187,47,V,A,input,A
941,ThermoMPNN,input,1.4990886449813843,47,V,C,input,A
942,ThermoMPNN,input,3.500383138656616,47,V,D,input,A
943,ThermoMPNN,input,3.4148221015930176,47,V,E,input,A
944,ThermoMPNN,input,2.222865104675293,47,V,F,input,A
945,ThermoMPNN,input,3.2103798389434814,47,V,G,input,A
946,ThermoMPNN,input,3.4430148601531982,47,V,H,input,A
947,ThermoMPNN,input,0.13873815536499023,47,V,I,input,A
948,ThermoMPNN,input,3.374366044998169,47,V,K,input,A
949,ThermoMPNN,input,1.1912068128585815,47,V,L,input,A
950,ThermoMPNN,input,1.9646637439727783,47,V,M,input,A
951,ThermoMPNN,input,3.444312810897827,47,V,N,input,A
952,ThermoMPNN,input,3.0227465629577637,47,V,P,input,A
953,ThermoMPNN,input,3.4520857334136963,47,V,Q,input,A
954,ThermoMPNN,input,3.4248437881469727,47,V,R,input,A
955,ThermoMPNN,input,3.2506985664367676,47,V,S,input,A
956,ThermoMPNN,input,2.4327564239501953,47,V,T,input,A
957,ThermoMPNN,input,0.0,47,V,V,input,A
958,ThermoMPNN,input,2.6212337017059326,47,V,W,input,A
959,ThermoMPNN,input,2.745900869369507,47,V,Y,input,A
960,ThermoMPNN,input,0.820904016494751,48,Q,A,input,A
961,ThermoMPNN,input,-0.25378942489624023,48,Q,C,input,A
962,ThermoMPNN,input,2.060863733291626,48,Q,D,input,A
963,ThermoMPNN,input,0.45779556035995483,48,Q,E,input,A
964,ThermoMPNN,input,-0.59358811378479,48,Q,F,input,A
965,ThermoMPNN,input,1.460970401763916,48,Q,G,input,A
966,ThermoMPNN,input,0.18697869777679443,48,Q,H,input,A
967,ThermoMPNN,input,0.3426385521888733,48,Q,I,input,A
968,ThermoMPNN,input,0.8881533145904541,48,Q,K,input,A
969,ThermoMPNN,input,-0.094978928565979,48,Q,L,input,A
970,ThermoMPNN,input,-0.44025492668151855,48,Q,M,input,A
971,ThermoMPNN,input,1.3796133995056152,48,Q,N,input,A
972,ThermoMPNN,input,2.5397772789001465,48,Q,P,input,A
973,ThermoMPNN,input,0.0,48,Q,Q,input,A
974,ThermoMPNN,input,0.8970780372619629,48,Q,R,input,A
975,ThermoMPNN,input,1.232995629310608,48,Q,S,input,A
976,ThermoMPNN,input,1.3194124698638916,48,Q,T,input,A
977,ThermoMPNN,input,0.6196128129959106,48,Q,V,input,A
978,ThermoMPNN,input,0.1079675555229187,48,Q,W,input,A
979,ThermoMPNN,input,-0.5053400993347168,48,Q,Y,input,A
980,ThermoMPNN,input,1.8775241374969482,49,L,A,input,A
981,ThermoMPNN,input,0.9242833852767944,49,L,C,input,A
982,ThermoMPNN,input,3.0807557106018066,49,L,D,input,A
983,ThermoMPNN,input,2.7501814365386963,49,L,E,input,A
984,ThermoMPNN,input,0.48955750465393066,49,L,F,input,A
985,ThermoMPNN,input,2.5793297290802,49,L,G,input,A
986,ThermoMPNN,input,2.3019614219665527,49,L,H,input,A
987,ThermoMPNN,input,-0.7371463775634766,49,L,I,input,A
988,ThermoMPNN,input,2.3777709007263184,49,L,K,input,A
989,ThermoMPNN,input,0.0,49,L,L,input,A
990,ThermoMPNN,input,0.7876598834991455,49,L,M,input,A
991,ThermoMPNN,input,2.7351596355438232,49,L,N,input,A
992,ThermoMPNN,input,2.5855846405029297,49,L,P,input,A
993,ThermoMPNN,input,2.5512545108795166,49,L,Q,input,A
994,ThermoMPNN,input,2.419818639755249,49,L,R,input,A
995,ThermoMPNN,input,2.5033137798309326,49,L,S,input,A
996,ThermoMPNN,input,1.8559279441833496,49,L,T,input,A
997,ThermoMPNN,input,-0.058518409729003906,49,L,V,input,A
998,ThermoMPNN,input,1.2963893413543701,49,L,W,input,A
999,ThermoMPNN,input,1.1250054836273193,49,L,Y,input,A
1000,ThermoMPNN,input,1.676065444946289,50,W,A,input,A
1001,ThermoMPNN,input,0.027431964874267578,50,W,C,input,A
1002,ThermoMPNN,input,3.0877928733825684,50,W,D,input,A
1003,ThermoMPNN,input,2.058314323425293,50,W,E,input,A
1004,ThermoMPNN,input,-0.13878154754638672,50,W,F,input,A
1005,ThermoMPNN,input,2.5198307037353516,50,W,G,input,A
1006,ThermoMPNN,input,0.8584967255592346,50,W,H,input,A
1007,ThermoMPNN,input,-0.3662351369857788,50,W,I,input,A
1008,ThermoMPNN,input,0.8764508366584778,50,W,K,input,A
1009,ThermoMPNN,input,0.17704987525939941,50,W,L,input,A
1010,ThermoMPNN,input,0.23692142963409424,50,W,M,input,A
1011,ThermoMPNN,input,1.7495696544647217,50,W,N,input,A
1012,ThermoMPNN,input,3.125603199005127,50,W,P,input,A
1013,ThermoMPNN,input,1.2030106782913208,50,W,Q,input,A
1014,ThermoMPNN,input,0.7137428522109985,50,W,R,input,A
1015,ThermoMPNN,input,1.5582358837127686,50,W,S,input,A
1016,ThermoMPNN,input,1.1559021472930908,50,W,T,input,A
1017,ThermoMPNN,input,-0.1284564733505249,50,W,V,input,A
1018,ThermoMPNN,input,0.0,50,W,W,input,A
1019,ThermoMPNN,input,0.07103347778320312,50,W,Y,input,A
1020,ThermoMPNN,input,1.694171667098999,51,V,A,input,A
1021,ThermoMPNN,input,1.1976957321166992,51,V,C,input,A
1022,ThermoMPNN,input,2.971379280090332,51,V,D,input,A
1023,ThermoMPNN,input,3.0749309062957764,51,V,E,input,A
1024,ThermoMPNN,input,1.5678495168685913,51,V,F,input,A
1025,ThermoMPNN,input,2.577481269836426,51,V,G,input,A
1026,ThermoMPNN,input,2.5164711475372314,51,V,H,input,A
1027,ThermoMPNN,input,0.7070647478103638,51,V,I,input,A
1028,ThermoMPNN,input,2.9431800842285156,51,V,K,input,A
1029,ThermoMPNN,input,1.6982815265655518,51,V,L,input,A
1030,ThermoMPNN,input,1.9569898843765259,51,V,M,input,A
1031,ThermoMPNN,input,2.8852648735046387,51,V,N,input,A
1032,ThermoMPNN,input,2.4748823642730713,51,V,P,input,A
1033,ThermoMPNN,input,2.861449956893921,51,V,Q,input,A
1034,ThermoMPNN,input,2.718980550765991,51,V,R,input,A
1035,ThermoMPNN,input,2.2110443115234375,51,V,S,input,A
1036,ThermoMPNN,input,1.4410256147384644,51,V,T,input,A
1037,ThermoMPNN,input,0.0,51,V,V,input,A
1038,ThermoMPNN,input,2.0780389308929443,51,V,W,input,A
1039,ThermoMPNN,input,1.8065059185028076,51,V,Y,input,A
1040,ThermoMPNN,input,0.3891046643257141,52,D,A,input,A
1041,ThermoMPNN,input,0.07818472385406494,52,D,C,input,A
1042,ThermoMPNN,input,0.0,52,D,D,input,A
1043,ThermoMPNN,input,0.2785951495170593,52,D,E,input,A
1044,ThermoMPNN,input,0.6078376173973083,52,D,F,input,A
1045,ThermoMPNN,input,0.9991143345832825,52,D,G,input,A
1046,ThermoMPNN,input,0.6036480665206909,52,D,H,input,A
1047,ThermoMPNN,input,0.5988415479660034,52,D,I,input,A
1048,ThermoMPNN,input,0.647601306438446,52,D,K,input,A
1049,ThermoMPNN,input,0.31232160329818726,52,D,L,input,A
1050,ThermoMPNN,input,0.40206021070480347,52,D,M,input,A
1051,ThermoMPNN,input,0.15955662727355957,52,D,N,input,A
1052,ThermoMPNN,input,2.9098477363586426,52,D,P,input,A
1053,ThermoMPNN,input,0.4234166145324707,52,D,Q,input,A
1054,ThermoMPNN,input,0.4856814742088318,52,D,R,input,A
1055,ThermoMPNN,input,0.3044453263282776,52,D,S,input,A
1056,ThermoMPNN,input,0.22478634119033813,52,D,T,input,A
1057,ThermoMPNN,input,0.5975019931793213,52,D,V,input,A
1058,ThermoMPNN,input,0.8084237575531006,52,D,W,input,A
1059,ThermoMPNN,input,0.752173125743866,52,D,Y,input,A
1060,ThermoMPNN,input,0.18061953783035278,53,S,A,input,A
1061,ThermoMPNN,input,-0.274740993976593,53,S,C,input,A
1062,ThermoMPNN,input,1.1457240581512451,53,S,D,input,A
1063,ThermoMPNN,input,0.5695054531097412,53,S,E,input,A
1064,ThermoMPNN,input,-0.013310134410858154,53,S,F,input,A
1065,ThermoMPNN,input,0.9193304181098938,53,S,G,input,A
1066,ThermoMPNN,input,-0.050730884075164795,53,S,H,input,A
1067,ThermoMPNN,input,-0.2516246438026428,53,S,I,input,A
1068,ThermoMPNN,input,-0.41508179903030396,53,S,K,input,A
1069,ThermoMPNN,input,-0.008765637874603271,53,S,L,input,A
1070,ThermoMPNN,input,-0.03524869680404663,53,S,M,input,A
1071,ThermoMPNN,input,0.08757847547531128,53,S,N,input,A
1072,ThermoMPNN,input,2.246901512145996,53,S,P,input,A
1073,ThermoMPNN,input,0.07384324073791504,53,S,Q,input,A
1074,ThermoMPNN,input,-0.6540243029594421,53,S,R,input,A
1075,ThermoMPNN,input,0.0,53,S,S,input,A
1076,ThermoMPNN,input,-0.3184506297111511,53,S,T,input,A
1077,ThermoMPNN,input,-0.39271265268325806,53,S,V,input,A
1078,ThermoMPNN,input,0.3484508693218231,53,S,W,input,A
1079,ThermoMPNN,input,0.02129685878753662,53,S,Y,input,A
1080,ThermoMPNN,input,0.5928990840911865,54,T,A,input,A
1081,ThermoMPNN,input,0.21573907136917114,54,T,C,input,A
1082,ThermoMPNN,input,0.4878804087638855,54,T,D,input,A
1083,ThermoMPNN,input,0.5086556673049927,54,T,E,input,A
1084,ThermoMPNN,input,0.27716654539108276,54,T,F,input,A
1085,ThermoMPNN,input,1.545027256011963,54,T,G,input,A
1086,ThermoMPNN,input,0.3975173234939575,54,T,H,input,A
1087,ThermoMPNN,input,-0.26773601770401,54,T,I,input,A
1088,ThermoMPNN,input,1.067184329032898,54,T,K,input,A
1089,ThermoMPNN,input,-0.4475864768028259,54,T,L,input,A
1090,ThermoMPNN,input,-0.07528287172317505,54,T,M,input,A
1091,ThermoMPNN,input,0.7113209962844849,54,T,N,input,A
1092,ThermoMPNN,input,0.6499825716018677,54,T,P,input,A
1093,ThermoMPNN,input,0.5894179940223694,54,T,Q,input,A
1094,ThermoMPNN,input,1.0907349586486816,54,T,R,input,A
1095,ThermoMPNN,input,0.520847737789154,54,T,S,input,A
1096,ThermoMPNN,input,0.0,54,T,T,input,A
1097,ThermoMPNN,input,0.12820976972579956,54,T,V,input,A
1098,ThermoMPNN,input,0.027922391891479492,54,T,W,input,A
1099,ThermoMPNN,input,0.14467281103134155,54,T,Y,input,A
1100,ThermoMPNN,input,1.3959829807281494,55,P,A,input,A
1101,ThermoMPNN,input,1.02774977684021,55,P,C,input,A
1102,ThermoMPNN,input,2.2428808212280273,55,P,D,input,A
1103,ThermoMPNN,input,1.8498120307922363,55,P,E,input,A
1104,ThermoMPNN,input,0.7963852882385254,55,P,F,input,A
1105,ThermoMPNN,input,1.739396095275879,55,P,G,input,A
1106,ThermoMPNN,input,1.9121214151382446,55,P,H,input,A
1107,ThermoMPNN,input,1.3581392765045166,55,P,I,input,A
1108,ThermoMPNN,input,2.0195064544677734,55,P,K,input,A
1109,ThermoMPNN,input,1.3759993314743042,55,P,L,input,A
1110,ThermoMPNN,input,1.3948719501495361,55,P,M,input,A
1111,ThermoMPNN,input,2.174736261367798,55,P,N,input,A
1112,ThermoMPNN,input,0.0,55,P,P,input,A
1113,ThermoMPNN,input,2.0480082035064697,55,P,Q,input,A
1114,ThermoMPNN,input,2.0231640338897705,55,P,R,input,A
1115,ThermoMPNN,input,1.8667922019958496,55,P,S,input,A
1116,ThermoMPNN,input,1.8915314674377441,55,P,T,input,A
1117,ThermoMPNN,input,1.5842310190200806,55,P,V,input,A
1118,ThermoMPNN,input,1.4490556716918945,55,P,W,input,A
1119,ThermoMPNN,input,1.1000176668167114,55,P,Y,input,A
1120,ThermoMPNN,input,1.137801170349121,56,P,A,input,A
1121,ThermoMPNN,input,0.9709897637367249,56,P,C,input,A
1122,ThermoMPNN,input,1.2519557476043701,56,P,D,input,A
1123,ThermoMPNN,input,1.246771216392517,56,P,E,input,A
1124,ThermoMPNN,input,1.4728196859359741,56,P,F,input,A
1125,ThermoMPNN,input,1.5728211402893066,56,P,G,input,A
1126,ThermoMPNN,input,1.519234299659729,56,P,H,input,A
1127,ThermoMPNN,input,1.498297095298767,56,P,I,input,A
1128,ThermoMPNN,input,1.4565422534942627,56,P,K,input,A
1129,ThermoMPNN,input,1.3294661045074463,56,P,L,input,A
1130,ThermoMPNN,input,1.3406345844268799,56,P,M,input,A
1131,ThermoMPNN,input,1.4064598083496094,56,P,N,input,A
1132,ThermoMPNN,input,0.0,56,P,P,input,A
1133,ThermoMPNN,input,1.3299713134765625,56,P,Q,input,A
1134,ThermoMPNN,input,1.57265305519104,56,P,R,input,A
1135,ThermoMPNN,input,1.1980698108673096,56,P,S,input,A
1136,ThermoMPNN,input,1.5242751836776733,56,P,T,input,A
1137,ThermoMPNN,input,1.5859267711639404,56,P,V,input,A
1138,ThermoMPNN,input,1.5373343229293823,56,P,W,input,A
1139,ThermoMPNN,input,1.4289181232452393,56,P,Y,input,A
1140,ThermoMPNN,input,0.11822700500488281,57,P,A,input,A
1141,ThermoMPNN,input,0.28336232900619507,57,P,C,input,A
1142,ThermoMPNN,input,0.33466702699661255,57,P,D,input,A
1143,ThermoMPNN,input,0.1453595757484436,57,P,E,input,A
1144,ThermoMPNN,input,0.6840250492095947,57,P,F,input,A
1145,ThermoMPNN,input,0.6663458347320557,57,P,G,input,A
1146,ThermoMPNN,input,0.45503348112106323,57,P,H,input,A
1147,ThermoMPNN,input,0.5257158875465393,57,P,I,input,A
1148,ThermoMPNN,input,0.4540451169013977,57,P,K,input,A
1149,ThermoMPNN,input,0.5400335192680359,57,P,L,input,A
1150,ThermoMPNN,input,0.558429479598999,57,P,M,input,A
1151,ThermoMPNN,input,0.5773168802261353,57,P,N,input,A
1152,ThermoMPNN,input,0.0,57,P,P,input,A
1153,ThermoMPNN,input,0.3283694386482239,57,P,Q,input,A
1154,ThermoMPNN,input,0.5443355441093445,57,P,R,input,A
1155,ThermoMPNN,input,0.23159992694854736,57,P,S,input,A
1156,ThermoMPNN,input,0.5551959872245789,57,P,T,input,A
1157,ThermoMPNN,input,0.5412003397941589,57,P,V,input,A
1158,ThermoMPNN,input,0.602177083492279,57,P,W,input,A
1159,ThermoMPNN,input,0.580302894115448,57,P,Y,input,A
1160,ThermoMPNN,input,1.318202018737793,58,G,A,input,A
1161,ThermoMPNN,input,0.66303551197052,58,G,C,input,A
1162,ThermoMPNN,input,1.1443878412246704,58,G,D,input,A
1163,ThermoMPNN,input,1.2750210762023926,58,G,E,input,A
1164,ThermoMPNN,input,1.1058239936828613,58,G,F,input,A
1165,ThermoMPNN,input,0.0,58,G,G,input,A
1166,ThermoMPNN,input,1.2148573398590088,58,G,H,input,A
1167,ThermoMPNN,input,1.6098920106887817,58,G,I,input,A
1168,ThermoMPNN,input,1.43623948097229,58,G,K,input,A
1169,ThermoMPNN,input,1.2697607278823853,58,G,L,input,A
1170,ThermoMPNN,input,1.2361698150634766,58,G,M,input,A
1171,ThermoMPNN,input,1.0593781471252441,58,G,N,input,A
1172,ThermoMPNN,input,1.8586525917053223,58,G,P,input,A
1173,ThermoMPNN,input,1.389841079711914,58,G,Q,input,A
1174,ThermoMPNN,input,1.465617060661316,58,G,R,input,A
1175,ThermoMPNN,input,1.3560556173324585,58,G,S,input,A
1176,ThermoMPNN,input,1.5399341583251953,58,G,T,input,A
1177,ThermoMPNN,input,1.6925039291381836,58,G,V,input,A
1178,ThermoMPNN,input,1.2957762479782104,58,G,W,input,A
1179,ThermoMPNN,input,1.2386056184768677,58,G,Y,input,A
1180,ThermoMPNN,input,1.9673727750778198,59,T,A,input,A
1181,ThermoMPNN,input,1.4778296947479248,59,T,C,input,A
1182,ThermoMPNN,input,3.2758560180664062,59,T,D,input,A
1183,ThermoMPNN,input,3.3697941303253174,59,T,E,input,A
1184,ThermoMPNN,input,1.760971188545227,59,T,F,input,A
1185,ThermoMPNN,input,2.81874418258667,59,T,G,input,A
1186,ThermoMPNN,input,2.572504758834839,59,T,H,input,A
1187,ThermoMPNN,input,1.4947104454040527,59,T,I,input,A
1188,ThermoMPNN,input,3.133867025375366,59,T,K,input,A
1189,ThermoMPNN,input,1.7528855800628662,59,T,L,input,A
1190,ThermoMPNN,input,1.7488210201263428,59,T,M,input,A
1191,ThermoMPNN,input,2.5607988834381104,59,T,N,input,A
1192,ThermoMPNN,input,3.250751495361328,59,T,P,input,A
1193,ThermoMPNN,input,2.7958598136901855,59,T,Q,input,A
1194,ThermoMPNN,input,2.812675714492798,59,T,R,input,A
1195,ThermoMPNN,input,1.0093339681625366,59,T,S,input,A
1196,ThermoMPNN,input,0.0,59,T,T,input,A
1197,ThermoMPNN,input,1.5425593852996826,59,T,V,input,A
1198,ThermoMPNN,input,2.1135175228118896,59,T,W,input,A
1199,ThermoMPNN,input,1.9477458000183105,59,T,Y,input,A
1200,ThermoMPNN,input,1.9334933757781982,60,R,A,input,A
1201,ThermoMPNN,input,1.084779977798462,60,R,C,input,A
1202,ThermoMPNN,input,3.0686686038970947,60,R,D,input,A
1203,ThermoMPNN,input,2.553797721862793,60,R,E,input,A
1204,ThermoMPNN,input,0.9102883338928223,60,R,F,input,A
1205,ThermoMPNN,input,2.519622802734375,60,R,G,input,A
1206,ThermoMPNN,input,1.41353440284729,60,R,H,input,A
1207,ThermoMPNN,input,1.2564409971237183,60,R,I,input,A
1208,ThermoMPNN,input,0.6823114156723022,60,R,K,input,A
1209,ThermoMPNN,input,1.0393223762512207,60,R,L,input,A
1210,ThermoMPNN,input,0.873121976852417,60,R,M,input,A
1211,ThermoMPNN,input,1.859819769859314,60,R,N,input,A
1212,ThermoMPNN,input,3.1477508544921875,60,R,P,input,A
1213,ThermoMPNN,input,1.5684233903884888,60,R,Q,input,A
1214,ThermoMPNN,input,0.0,60,R,R,input,A
1215,ThermoMPNN,input,1.5363832712173462,60,R,S,input,A
1216,ThermoMPNN,input,1.1314258575439453,60,R,T,input,A
1217,ThermoMPNN,input,1.3542535305023193,60,R,V,input,A
1218,ThermoMPNN,input,0.6453660726547241,60,R,W,input,A
1219,ThermoMPNN,input,0.9152469635009766,60,R,Y,input,A
1220,ThermoMPNN,input,2.491992473602295,61,V,A,input,A
1221,ThermoMPNN,input,1.6353265047073364,61,V,C,input,A
1222,ThermoMPNN,input,3.6665027141571045,61,V,D,input,A
1223,ThermoMPNN,input,3.6034634113311768,61,V,E,input,A
1224,ThermoMPNN,input,2.070248603820801,61,V,F,input,A
1225,ThermoMPNN,input,3.368131399154663,61,V,G,input,A
1226,ThermoMPNN,input,3.511213541030884,61,V,H,input,A
1227,ThermoMPNN,input,-0.15318012237548828,61,V,I,input,A
1228,ThermoMPNN,input,3.484649658203125,61,V,K,input,A
1229,ThermoMPNN,input,0.8612353801727295,61,V,L,input,A
1230,ThermoMPNN,input,1.825070858001709,61,V,M,input,A
1231,ThermoMPNN,input,3.6028964519500732,61,V,N,input,A
1232,ThermoMPNN,input,3.470501661300659,61,V,P,input,A
1233,ThermoMPNN,input,3.6108522415161133,61,V,Q,input,A
1234,ThermoMPNN,input,3.3889503479003906,61,V,R,input,A
1235,ThermoMPNN,input,3.3700411319732666,61,V,S,input,A
1236,ThermoMPNN,input,2.3828091621398926,61,V,T,input,A
1237,ThermoMPNN,input,0.0,61,V,V,input,A
1238,ThermoMPNN,input,2.62984037399292,61,V,W,input,A
1239,ThermoMPNN,input,2.5587291717529297,61,V,Y,input,A
1240,ThermoMPNN,input,1.1880886554718018,62,R,A,input,A
1241,ThermoMPNN,input,1.1088244915008545,62,R,C,input,A
1242,ThermoMPNN,input,2.8554725646972656,62,R,D,input,A
1243,ThermoMPNN,input,2.175924301147461,62,R,E,input,A
1244,ThermoMPNN,input,0.8489855527877808,62,R,F,input,A
1245,ThermoMPNN,input,2.2192938327789307,62,R,G,input,A
1246,ThermoMPNN,input,1.519970178604126,62,R,H,input,A
1247,ThermoMPNN,input,0.307580828666687,62,R,I,input,A
1248,ThermoMPNN,input,0.5851621627807617,62,R,K,input,A
1249,ThermoMPNN,input,0.9904649257659912,62,R,L,input,A
1250,ThermoMPNN,input,0.8136516809463501,62,R,M,input,A
1251,ThermoMPNN,input,2.0865108966827393,62,R,N,input,A
1252,ThermoMPNN,input,2.8139450550079346,62,R,P,input,A
1253,ThermoMPNN,input,1.371760606765747,62,R,Q,input,A
1254,ThermoMPNN,input,0.0,62,R,R,input,A
1255,ThermoMPNN,input,1.2584037780761719,62,R,S,input,A
1256,ThermoMPNN,input,0.9499251246452332,62,R,T,input,A
1257,ThermoMPNN,input,0.319785475730896,62,R,V,input,A
1258,ThermoMPNN,input,1.1079175472259521,62,R,W,input,A
1259,ThermoMPNN,input,0.9359789490699768,62,R,Y,input,A
1260,ThermoMPNN,input,0.0,63,A,A,input,A
1261,ThermoMPNN,input,-0.7548525929450989,63,A,C,input,A
1262,ThermoMPNN,input,2.6432971954345703,63,A,D,input,A
1263,ThermoMPNN,input,1.9976139068603516,63,A,E,input,A
1264,ThermoMPNN,input,-1.3051621913909912,63,A,F,input,A
1265,ThermoMPNN,input,1.0630085468292236,63,A,G,input,A
1266,ThermoMPNN,input,1.0304813385009766,63,A,H,input,A
1267,ThermoMPNN,input,-1.8489270210266113,63,A,I,input,A
1268,ThermoMPNN,input,0.8896465301513672,63,A,K,input,A
1269,ThermoMPNN,input,-1.5268135070800781,63,A,L,input,A
1270,ThermoMPNN,input,-1.2108864784240723,63,A,M,input,A
1271,ThermoMPNN,input,1.5655980110168457,63,A,N,input,A
1272,ThermoMPNN,input,1.4060077667236328,63,A,P,input,A
1273,ThermoMPNN,input,1.197692632675171,63,A,Q,input,A
1274,ThermoMPNN,input,0.7432241439819336,63,A,R,input,A
1275,ThermoMPNN,input,0.9562883973121643,63,A,S,input,A
1276,ThermoMPNN,input,0.5903028249740601,63,A,T,input,A
1277,ThermoMPNN,input,-1.3746557235717773,63,A,V,input,A
1278,ThermoMPNN,input,0.13039416074752808,63,A,W,input,A
1279,ThermoMPNN,input,-0.10567617416381836,63,A,Y,input,A
1280,ThermoMPNN,input,1.5469032526016235,64,M,A,input,A
1281,ThermoMPNN,input,0.40336453914642334,64,M,C,input,A
1282,ThermoMPNN,input,1.9525597095489502,64,M,D,input,A
1283,ThermoMPNN,input,0.7096207141876221,64,M,E,input,A
1284,ThermoMPNN,input,0.2364182472229004,64,M,F,input,A
1285,ThermoMPNN,input,2.5918872356414795,64,M,G,input,A
1286,ThermoMPNN,input,1.848449468612671,64,M,H,input,A
1287,ThermoMPNN,input,0.5518506765365601,64,M,I,input,A
1288,ThermoMPNN,input,2.8709659576416016,64,M,K,input,A
1289,ThermoMPNN,input,0.6116520166397095,64,M,L,input,A
1290,ThermoMPNN,input,0.0,64,M,M,input,A
1291,ThermoMPNN,input,2.4628937244415283,64,M,N,input,A
1292,ThermoMPNN,input,3.6518876552581787,64,M,P,input,A
1293,ThermoMPNN,input,1.592519760131836,64,M,Q,input,A
1294,ThermoMPNN,input,2.4785304069519043,64,M,R,input,A
1295,ThermoMPNN,input,1.8331241607666016,64,M,S,input,A
1296,ThermoMPNN,input,1.4958040714263916,64,M,T,input,A
1297,ThermoMPNN,input,0.6605113744735718,64,M,V,input,A
1298,ThermoMPNN,input,0.7495930194854736,64,M,W,input,A
1299,ThermoMPNN,input,0.7204654216766357,64,M,Y,input,A
1300,ThermoMPNN,input,0.0,65,A,A,input,A
1301,ThermoMPNN,input,-0.43839848041534424,65,A,C,input,A
1302,ThermoMPNN,input,2.028533935546875,65,A,D,input,A
1303,ThermoMPNN,input,2.0866174697875977,65,A,E,input,A
1304,ThermoMPNN,input,0.5138747692108154,65,A,F,input,A
1305,ThermoMPNN,input,1.4368629455566406,65,A,G,input,A
1306,ThermoMPNN,input,1.6408557891845703,65,A,H,input,A
1307,ThermoMPNN,input,-0.5490027666091919,65,A,I,input,A
1308,ThermoMPNN,input,2.0227534770965576,65,A,K,input,A
1309,ThermoMPNN,input,-0.5075650215148926,65,A,L,input,A
1310,ThermoMPNN,input,0.13432717323303223,65,A,M,input,A
1311,ThermoMPNN,input,1.6245992183685303,65,A,N,input,A
1312,ThermoMPNN,input,1.5243706703186035,65,A,P,input,A
1313,ThermoMPNN,input,1.8198506832122803,65,A,Q,input,A
1314,ThermoMPNN,input,2.215665817260742,65,A,R,input,A
1315,ThermoMPNN,input,1.0153472423553467,65,A,S,input,A
1316,ThermoMPNN,input,0.5830216407775879,65,A,T,input,A
1317,ThermoMPNN,input,-0.8519512414932251,65,A,V,input,A
1318,ThermoMPNN,input,1.1399950981140137,65,A,W,input,A
1319,ThermoMPNN,input,1.0194019079208374,65,A,Y,input,A
1320,ThermoMPNN,input,1.6220371723175049,66,I,A,input,A
1321,ThermoMPNN,input,0.9630330801010132,66,I,C,input,A
1322,ThermoMPNN,input,2.8520467281341553,66,I,D,input,A
1323,ThermoMPNN,input,2.168694019317627,66,I,E,input,A
1324,ThermoMPNN,input,1.1799191236495972,66,I,F,input,A
1325,ThermoMPNN,input,2.734483003616333,66,I,G,input,A
1326,ThermoMPNN,input,2.1379120349884033,66,I,H,input,A
1327,ThermoMPNN,input,0.0,66,I,I,input,A
1328,ThermoMPNN,input,2.3023295402526855,66,I,K,input,A
1329,ThermoMPNN,input,0.5581542253494263,66,I,L,input,A
1330,ThermoMPNN,input,0.6138874292373657,66,I,M,input,A
1331,ThermoMPNN,input,2.6917076110839844,66,I,N,input,A
1332,ThermoMPNN,input,3.235856056213379,66,I,P,input,A
1333,ThermoMPNN,input,1.977028250694275,66,I,Q,input,A
1334,ThermoMPNN,input,2.099546194076538,66,I,R,input,A
1335,ThermoMPNN,input,1.9556894302368164,66,I,S,input,A
1336,ThermoMPNN,input,1.3768250942230225,66,I,T,input,A
1337,ThermoMPNN,input,0.49206066131591797,66,I,V,input,A
1338,ThermoMPNN,input,1.3533756732940674,66,I,W,input,A
1339,ThermoMPNN,input,1.459115743637085,66,I,Y,input,A
1340,ThermoMPNN,input,3.202759027481079,67,Y,A,input,A
1341,ThermoMPNN,input,2.4069106578826904,67,Y,C,input,A
1342,ThermoMPNN,input,3.687359571456909,67,Y,D,input,A
1343,ThermoMPNN,input,3.4529900550842285,67,Y,E,input,A
1344,ThermoMPNN,input,0.8299965858459473,67,Y,F,input,A
1345,ThermoMPNN,input,3.3591513633728027,67,Y,G,input,A
1346,ThermoMPNN,input,2.052899122238159,67,Y,H,input,A
1347,ThermoMPNN,input,2.6084980964660645,67,Y,I,input,A
1348,ThermoMPNN,input,3.095262289047241,67,Y,K,input,A
1349,ThermoMPNN,input,2.533935308456421,67,Y,L,input,A
1350,ThermoMPNN,input,2.7332146167755127,67,Y,M,input,A
1351,ThermoMPNN,input,3.0889170169830322,67,Y,N,input,A
1352,ThermoMPNN,input,2.9515912532806396,67,Y,P,input,A
1353,ThermoMPNN,input,3.273310422897339,67,Y,Q,input,A
1354,ThermoMPNN,input,2.717519998550415,67,Y,R,input,A
1355,ThermoMPNN,input,3.3834500312805176,67,Y,S,input,A
1356,ThermoMPNN,input,3.0283937454223633,67,Y,T,input,A
1357,ThermoMPNN,input,2.5650694370269775,67,Y,V,input,A
1358,ThermoMPNN,input,1.0152831077575684,67,Y,W,input,A
1359,ThermoMPNN,input,0.0,67,Y,Y,input,A
1360,ThermoMPNN,input,0.5233933925628662,68,K,A,input,A
1361,ThermoMPNN,input,0.4448528289794922,68,K,C,input,A
1362,ThermoMPNN,input,2.345585823059082,68,K,D,input,A
1363,ThermoMPNN,input,1.4909907579421997,68,K,E,input,A
1364,ThermoMPNN,input,1.0916378498077393,68,K,F,input,A
1365,ThermoMPNN,input,1.6038581132888794,68,K,G,input,A
1366,ThermoMPNN,input,1.2468291521072388,68,K,H,input,A
1367,ThermoMPNN,input,0.3187514543533325,68,K,I,input,A
1368,ThermoMPNN,input,0.0,68,K,K,input,A
1369,ThermoMPNN,input,0.11406838893890381,68,K,L,input,A
1370,ThermoMPNN,input,0.2124955654144287,68,K,M,input,A
1371,ThermoMPNN,input,1.4545129537582397,68,K,N,input,A
1372,ThermoMPNN,input,2.232473134994507,68,K,P,input,A
1373,ThermoMPNN,input,0.45791614055633545,68,K,Q,input,A
1374,ThermoMPNN,input,0.1811922788619995,68,K,R,input,A
1375,ThermoMPNN,input,0.8534594774246216,68,K,S,input,A
1376,ThermoMPNN,input,0.8474020957946777,68,K,T,input,A
1377,ThermoMPNN,input,0.4273245334625244,68,K,V,input,A
1378,ThermoMPNN,input,1.1622073650360107,68,K,W,input,A
1379,ThermoMPNN,input,1.1922929286956787,68,K,Y,input,A
1380,ThermoMPNN,input,-0.01060020923614502,69,Q,A,input,A
1381,ThermoMPNN,input,-0.4214061498641968,69,Q,C,input,A
1382,ThermoMPNN,input,-0.4072316884994507,69,Q,D,input,A
1383,ThermoMPNN,input,-0.3906130790710449,69,Q,E,input,A
1384,ThermoMPNN,input,-0.06873226165771484,69,Q,F,input,A
1385,ThermoMPNN,input,0.40411490201950073,69,Q,G,input,A
1386,ThermoMPNN,input,-0.25447946786880493,69,Q,H,input,A
1387,ThermoMPNN,input,-0.021487832069396973,69,Q,I,input,A
1388,ThermoMPNN,input,0.3197663128376007,69,Q,K,input,A
1389,ThermoMPNN,input,-0.0416562557220459,69,Q,L,input,A
1390,ThermoMPNN,input,0.0026445388793945312,69,Q,M,input,A
1391,ThermoMPNN,input,-0.1286715865135193,69,Q,N,input,A
1392,ThermoMPNN,input,0.285383015871048,69,Q,P,input,A
1393,ThermoMPNN,input,0.0,69,Q,Q,input,A
1394,ThermoMPNN,input,0.37825146317481995,69,Q,R,input,A
1395,ThermoMPNN,input,-0.013968229293823242,69,Q,S,input,A
1396,ThermoMPNN,input,0.1451897919178009,69,Q,T,input,A
1397,ThermoMPNN,input,0.11024963855743408,69,Q,V,input,A
1398,ThermoMPNN,input,-0.07720106840133667,69,Q,W,input,A
1399,ThermoMPNN,input,-0.21776992082595825,69,Q,Y,input,A
1400,ThermoMPNN,input,0.009286284446716309,70,S,A,input,A
1401,ThermoMPNN,input,-0.018868684768676758,70,S,C,input,A
1402,ThermoMPNN,input,0.38241860270500183,70,S,D,input,A
1403,ThermoMPNN,input,0.09484905004501343,70,S,E,input,A
1404,ThermoMPNN,input,0.3587399125099182,70,S,F,input,A
1405,ThermoMPNN,input,0.3299559950828552,70,S,G,input,A
1406,ThermoMPNN,input,0.13035398721694946,70,S,H,input,A
1407,ThermoMPNN,input,0.21773582696914673,70,S,I,input,A
1408,ThermoMPNN,input,-0.07715922594070435,70,S,K,input,A
1409,ThermoMPNN,input,0.2389393448829651,70,S,L,input,A
1410,ThermoMPNN,input,0.23369449377059937,70,S,M,input,A
1411,ThermoMPNN,input,0.1862831711769104,70,S,N,input,A
1412,ThermoMPNN,input,-0.3141758441925049,70,S,P,input,A
1413,ThermoMPNN,input,-0.002873539924621582,70,S,Q,input,A
1414,ThermoMPNN,input,0.05169367790222168,70,S,R,input,A
1415,ThermoMPNN,input,0.0,70,S,S,input,A
1416,ThermoMPNN,input,0.18274742364883423,70,S,T,input,A
1417,ThermoMPNN,input,0.26748400926589966,70,S,V,input,A
1418,ThermoMPNN,input,0.26208746433258057,70,S,W,input,A
1419,ThermoMPNN,input,0.23690444231033325,70,S,Y,input,A
1420,ThermoMPNN,input,-0.17410874366760254,71,Q,A,input,A
1421,ThermoMPNN,input,-0.4256497621536255,71,Q,C,input,A
1422,ThermoMPNN,input,-0.4855024814605713,71,Q,D,input,A
1423,ThermoMPNN,input,-0.22983533143997192,71,Q,E,input,A
1424,ThermoMPNN,input,0.18502146005630493,71,Q,F,input,A
1425,ThermoMPNN,input,0.07255721092224121,71,Q,G,input,A
1426,ThermoMPNN,input,-0.05414235591888428,71,Q,H,input,A
1427,ThermoMPNN,input,0.33787503838539124,71,Q,I,input,A
1428,ThermoMPNN,input,0.20505183935165405,71,Q,K,input,A
1429,ThermoMPNN,input,0.28669872879981995,71,Q,L,input,A
1430,ThermoMPNN,input,0.1954725980758667,71,Q,M,input,A
1431,ThermoMPNN,input,-0.21159684658050537,71,Q,N,input,A
1432,ThermoMPNN,input,0.9510219097137451,71,Q,P,input,A
1433,ThermoMPNN,input,0.0,71,Q,Q,input,A
1434,ThermoMPNN,input,0.2482413947582245,71,Q,R,input,A
1435,ThermoMPNN,input,-0.35353851318359375,71,Q,S,input,A
1436,ThermoMPNN,input,-0.05555224418640137,71,Q,T,input,A
1437,ThermoMPNN,input,0.3694024682044983,71,Q,V,input,A
1438,ThermoMPNN,input,0.09242260456085205,71,Q,W,input,A
1439,ThermoMPNN,input,0.1218826174736023,71,Q,Y,input,A
1440,ThermoMPNN,input,1.0092308521270752,72,H,A,input,A
1441,ThermoMPNN,input,0.4709136486053467,72,H,C,input,A
1442,ThermoMPNN,input,1.6641665697097778,72,H,D,input,A
1443,ThermoMPNN,input,1.3463307619094849,72,H,E,input,A
1444,ThermoMPNN,input,0.016880035400390625,72,H,F,input,A
1445,ThermoMPNN,input,1.2774436473846436,72,H,G,input,A
1446,ThermoMPNN,input,0.0,72,H,H,input,A
1447,ThermoMPNN,input,1.3431137800216675,72,H,I,input,A
1448,ThermoMPNN,input,1.1870899200439453,72,H,K,input,A
1449,ThermoMPNN,input,0.9830514788627625,72,H,L,input,A
1450,ThermoMPNN,input,0.7534067034721375,72,H,M,input,A
1451,ThermoMPNN,input,1.0628241300582886,72,H,N,input,A
1452,ThermoMPNN,input,1.724416732788086,72,H,P,input,A
1453,ThermoMPNN,input,0.9398917555809021,72,H,Q,input,A
1454,ThermoMPNN,input,0.9912385940551758,72,H,R,input,A
1455,ThermoMPNN,input,1.2022265195846558,72,H,S,input,A
1456,ThermoMPNN,input,1.3829059600830078,72,H,T,input,A
1457,ThermoMPNN,input,1.429932951927185,72,H,V,input,A
1458,ThermoMPNN,input,0.17027366161346436,72,H,W,input,A
1459,ThermoMPNN,input,-0.49812281131744385,72,H,Y,input,A
1460,ThermoMPNN,input,0.22309017181396484,73,M,A,input,A
1461,ThermoMPNN,input,0.40957963466644287,73,M,C,input,A
1462,ThermoMPNN,input,1.2151188850402832,73,M,D,input,A
1463,ThermoMPNN,input,0.8067150115966797,73,M,E,input,A
1464,ThermoMPNN,input,0.6704163551330566,73,M,F,input,A
1465,ThermoMPNN,input,0.6196650266647339,73,M,G,input,A
1466,ThermoMPNN,input,0.611400842666626,73,M,H,input,A
1467,ThermoMPNN,input,0.5395858287811279,73,M,I,input,A
1468,ThermoMPNN,input,0.12235558032989502,73,M,K,input,A
1469,ThermoMPNN,input,0.38414937257766724,73,M,L,input,A
1470,ThermoMPNN,input,0.0,73,M,M,input,A
1471,ThermoMPNN,input,0.7955642938613892,73,M,N,input,A
1472,ThermoMPNN,input,1.4979567527770996,73,M,P,input,A
1473,ThermoMPNN,input,0.08085775375366211,73,M,Q,input,A
1474,ThermoMPNN,input,0.054824113845825195,73,M,R,input,A
1475,ThermoMPNN,input,0.5147292017936707,73,M,S,input,A
1476,ThermoMPNN,input,0.6801341772079468,73,M,T,input,A
1477,ThermoMPNN,input,0.5338689088821411,73,M,V,input,A
1478,ThermoMPNN,input,0.7573856711387634,73,M,W,input,A
1479,ThermoMPNN,input,0.7305800318717957,73,M,Y,input,A
1480,ThermoMPNN,input,0.1636505126953125,74,T,A,input,A
1481,ThermoMPNN,input,-0.0756489634513855,74,T,C,input,A
1482,ThermoMPNN,input,0.3489730954170227,74,T,D,input,A
1483,ThermoMPNN,input,0.2617543935775757,74,T,E,input,A
1484,ThermoMPNN,input,-0.008247077465057373,74,T,F,input,A
1485,ThermoMPNN,input,0.05496513843536377,74,T,G,input,A
1486,ThermoMPNN,input,0.024967670440673828,74,T,H,input,A
1487,ThermoMPNN,input,0.3452272415161133,74,T,I,input,A
1488,ThermoMPNN,input,0.19158601760864258,74,T,K,input,A
1489,ThermoMPNN,input,0.12929433584213257,74,T,L,input,A
1490,ThermoMPNN,input,0.22215932607650757,74,T,M,input,A
1491,ThermoMPNN,input,0.12829822301864624,74,T,N,input,A
1492,ThermoMPNN,input,0.8108652830123901,74,T,P,input,A
1493,ThermoMPNN,input,0.21491670608520508,74,T,Q,input,A
1494,ThermoMPNN,input,0.18731343746185303,74,T,R,input,A
1495,ThermoMPNN,input,0.13226592540740967,74,T,S,input,A
1496,ThermoMPNN,input,0.0,74,T,T,input,A
1497,ThermoMPNN,input,0.3234902620315552,74,T,V,input,A
1498,ThermoMPNN,input,-0.08795243501663208,74,T,W,input,A
1499,ThermoMPNN,input,-0.15212351083755493,74,T,Y,input,A
1500,ThermoMPNN,input,0.6200395226478577,75,E,A,input,A
1501,ThermoMPNN,input,0.2362157702445984,75,E,C,input,A
1502,ThermoMPNN,input,0.399722158908844,75,E,D,input,A
1503,ThermoMPNN,input,0.0,75,E,E,input,A
1504,ThermoMPNN,input,0.6725220680236816,75,E,F,input,A
1505,ThermoMPNN,input,1.0827856063842773,75,E,G,input,A
1506,ThermoMPNN,input,0.5416906476020813,75,E,H,input,A
1507,ThermoMPNN,input,0.2463054060935974,75,E,I,input,A
1508,ThermoMPNN,input,0.5265300869941711,75,E,K,input,A
1509,ThermoMPNN,input,0.319502592086792,75,E,L,input,A
1510,ThermoMPNN,input,0.47535526752471924,75,E,M,input,A
1511,ThermoMPNN,input,0.520235002040863,75,E,N,input,A
1512,ThermoMPNN,input,1.7831352949142456,75,E,P,input,A
1513,ThermoMPNN,input,0.24332433938980103,75,E,Q,input,A
1514,ThermoMPNN,input,0.6357546448707581,75,E,R,input,A
1515,ThermoMPNN,input,0.435172975063324,75,E,S,input,A
1516,ThermoMPNN,input,0.10747861862182617,75,E,T,input,A
1517,ThermoMPNN,input,0.19655346870422363,75,E,V,input,A
1518,ThermoMPNN,input,0.7831407785415649,75,E,W,input,A
1519,ThermoMPNN,input,0.7605072855949402,75,E,Y,input,A
1520,ThermoMPNN,input,0.6931617259979248,76,V,A,input,A
1521,ThermoMPNN,input,0.34587424993515015,76,V,C,input,A
1522,ThermoMPNN,input,0.9798310399055481,76,V,D,input,A
1523,ThermoMPNN,input,1.0271596908569336,76,V,E,input,A
1524,ThermoMPNN,input,0.7405064105987549,76,V,F,input,A
1525,ThermoMPNN,input,1.2599456310272217,76,V,G,input,A
1526,ThermoMPNN,input,0.511184573173523,76,V,H,input,A
1527,ThermoMPNN,input,0.19524407386779785,76,V,I,input,A
1528,ThermoMPNN,input,0.7331447005271912,76,V,K,input,A
1529,ThermoMPNN,input,0.48547130823135376,76,V,L,input,A
1530,ThermoMPNN,input,0.6851879358291626,76,V,M,input,A
1531,ThermoMPNN,input,0.7599451541900635,76,V,N,input,A
1532,ThermoMPNN,input,0.30553191900253296,76,V,P,input,A
1533,ThermoMPNN,input,0.7677827477455139,76,V,Q,input,A
1534,ThermoMPNN,input,0.7404181361198425,76,V,R,input,A
1535,ThermoMPNN,input,0.7633365988731384,76,V,S,input,A
1536,ThermoMPNN,input,0.5641958713531494,76,V,T,input,A
1537,ThermoMPNN,input,0.0,76,V,V,input,A
1538,ThermoMPNN,input,0.7076871991157532,76,V,W,input,A
1539,ThermoMPNN,input,0.6475610136985779,76,V,Y,input,A
1540,ThermoMPNN,input,1.5232738256454468,77,V,A,input,A
1541,ThermoMPNN,input,1.12766695022583,77,V,C,input,A
1542,ThermoMPNN,input,1.9780607223510742,77,V,D,input,A
1543,ThermoMPNN,input,2.242743968963623,77,V,E,input,A
1544,ThermoMPNN,input,1.9341332912445068,77,V,F,input,A
1545,ThermoMPNN,input,2.4375665187835693,77,V,G,input,A
1546,ThermoMPNN,input,2.312807559967041,77,V,H,input,A
1547,ThermoMPNN,input,0.4713057279586792,77,V,I,input,A
1548,ThermoMPNN,input,2.32525634765625,77,V,K,input,A
1549,ThermoMPNN,input,0.8208640813827515,77,V,L,input,A
1550,ThermoMPNN,input,1.6663033962249756,77,V,M,input,A
1551,ThermoMPNN,input,2.2838077545166016,77,V,N,input,A
1552,ThermoMPNN,input,1.4868965148925781,77,V,P,input,A
1553,ThermoMPNN,input,2.2850887775421143,77,V,Q,input,A
1554,ThermoMPNN,input,2.5221972465515137,77,V,R,input,A
1555,ThermoMPNN,input,2.2991387844085693,77,V,S,input,A
1556,ThermoMPNN,input,1.9041844606399536,77,V,T,input,A
1557,ThermoMPNN,input,0.0,77,V,V,input,A
1558,ThermoMPNN,input,2.0781540870666504,77,V,W,input,A
1559,ThermoMPNN,input,2.185408115386963,77,V,Y,input,A
1560,ThermoMPNN,input,1.1543738842010498,78,R,A,input,A
1561,ThermoMPNN,input,1.0784046649932861,78,R,C,input,A
1562,ThermoMPNN,input,2.2493815422058105,78,R,D,input,A
1563,ThermoMPNN,input,1.8507307767868042,78,R,E,input,A
1564,ThermoMPNN,input,1.2543964385986328,78,R,F,input,A
1565,ThermoMPNN,input,1.6094799041748047,78,R,G,input,A
1566,ThermoMPNN,input,1.101099967956543,78,R,H,input,A
1567,ThermoMPNN,input,0.8982397317886353,78,R,I,input,A
1568,ThermoMPNN,input,0.3817204236984253,78,R,K,input,A
1569,ThermoMPNN,input,1.247266173362732,78,R,L,input,A
1570,ThermoMPNN,input,1.043304681777954,78,R,M,input,A
1571,ThermoMPNN,input,1.3850951194763184,78,R,N,input,A
1572,ThermoMPNN,input,2.4571871757507324,78,R,P,input,A
1573,ThermoMPNN,input,1.1390049457550049,78,R,Q,input,A
1574,ThermoMPNN,input,0.0,78,R,R,input,A
1575,ThermoMPNN,input,1.1286944150924683,78,R,S,input,A
1576,ThermoMPNN,input,1.0037176609039307,78,R,T,input,A
1577,ThermoMPNN,input,0.7993131875991821,78,R,V,input,A
1578,ThermoMPNN,input,1.5162835121154785,78,R,W,input,A
1579,ThermoMPNN,input,1.2823249101638794,78,R,Y,input,A
1580,ThermoMPNN,input,0.6684013605117798,79,R,A,input,A
1581,ThermoMPNN,input,0.13031357526779175,79,R,C,input,A
1582,ThermoMPNN,input,0.8084256649017334,79,R,D,input,A
1583,ThermoMPNN,input,1.009817361831665,79,R,E,input,A
1584,ThermoMPNN,input,0.9513674974441528,79,R,F,input,A
1585,ThermoMPNN,input,0.9365793466567993,79,R,G,input,A
1586,ThermoMPNN,input,0.8882790207862854,79,R,H,input,A
1587,ThermoMPNN,input,0.404443621635437,79,R,I,input,A
1588,ThermoMPNN,input,0.04765748977661133,79,R,K,input,A
1589,ThermoMPNN,input,-0.5269904136657715,79,R,L,input,A
1590,ThermoMPNN,input,0.43800270557403564,79,R,M,input,A
1591,ThermoMPNN,input,0.7921153903007507,79,R,N,input,A
1592,ThermoMPNN,input,0.48074817657470703,79,R,P,input,A
1593,ThermoMPNN,input,0.6409615278244019,79,R,Q,input,A
1594,ThermoMPNN,input,0.0,79,R,R,input,A
1595,ThermoMPNN,input,0.8441481590270996,79,R,S,input,A
1596,ThermoMPNN,input,0.7558156251907349,79,R,T,input,A
1597,ThermoMPNN,input,0.12468034029006958,79,R,V,input,A
1598,ThermoMPNN,input,0.9703529477119446,79,R,W,input,A
1599,ThermoMPNN,input,0.9209641218185425,79,R,Y,input,A
1600,ThermoMPNN,input,0.622987687587738,80,C,A,input,A
1601,ThermoMPNN,input,0.0,80,C,C,input,A
1602,ThermoMPNN,input,-0.305905818939209,80,C,D,input,A
1603,ThermoMPNN,input,1.4812915325164795,80,C,E,input,A
1604,ThermoMPNN,input,-0.054009199142456055,80,C,F,input,A
1605,ThermoMPNN,input,1.0899885892868042,80,C,G,input,A
1606,ThermoMPNN,input,0.38982558250427246,80,C,H,input,A
1607,ThermoMPNN,input,0.538209080696106,80,C,I,input,A
1608,ThermoMPNN,input,0.9465341567993164,80,C,K,input,A
1609,ThermoMPNN,input,0.5039514303207397,80,C,L,input,A
1610,ThermoMPNN,input,0.7196943759918213,80,C,M,input,A
1611,ThermoMPNN,input,-0.07024753093719482,80,C,N,input,A
1612,ThermoMPNN,input,0.10569697618484497,80,C,P,input,A
1613,ThermoMPNN,input,1.1224614381790161,80,C,Q,input,A
1614,ThermoMPNN,input,0.8757805824279785,80,C,R,input,A
1615,ThermoMPNN,input,0.06632065773010254,80,C,S,input,A
1616,ThermoMPNN,input,1.1651673316955566,80,C,T,input,A
1617,ThermoMPNN,input,0.7933182120323181,80,C,V,input,A
1618,ThermoMPNN,input,0.09674221277236938,80,C,W,input,A
1619,ThermoMPNN,input,0.22089499235153198,80,C,Y,input,A
1620,ThermoMPNN,input,0.17971080541610718,81,P,A,input,A
1621,ThermoMPNN,input,0.16237914562225342,81,P,C,input,A
1622,ThermoMPNN,input,0.5625221729278564,81,P,D,input,A
1623,ThermoMPNN,input,0.19421309232711792,81,P,E,input,A
1624,ThermoMPNN,input,0.3507999777793884,81,P,F,input,A
1625,ThermoMPNN,input,0.7992578744888306,81,P,G,input,A
1626,ThermoMPNN,input,0.27496057748794556,81,P,H,input,A
1627,ThermoMPNN,input,0.3449314832687378,81,P,I,input,A
1628,ThermoMPNN,input,0.3516581654548645,81,P,K,input,A
1629,ThermoMPNN,input,0.30872946977615356,81,P,L,input,A
1630,ThermoMPNN,input,0.3591272234916687,81,P,M,input,A
1631,ThermoMPNN,input,0.5125313997268677,81,P,N,input,A
1632,ThermoMPNN,input,0.0,81,P,P,input,A
1633,ThermoMPNN,input,0.32099825143814087,81,P,Q,input,A
1634,ThermoMPNN,input,0.3875022530555725,81,P,R,input,A
1635,ThermoMPNN,input,0.36550259590148926,81,P,S,input,A
1636,ThermoMPNN,input,0.576021134853363,81,P,T,input,A
1637,ThermoMPNN,input,0.42606067657470703,81,P,V,input,A
1638,ThermoMPNN,input,0.09537649154663086,81,P,W,input,A
1639,ThermoMPNN,input,0.11212807893753052,81,P,Y,input,A
1640,ThermoMPNN,input,0.4610587954521179,82,H,A,input,A
1641,ThermoMPNN,input,0.182697594165802,82,H,C,input,A
1642,ThermoMPNN,input,0.8334046602249146,82,H,D,input,A
1643,ThermoMPNN,input,0.6180331110954285,82,H,E,input,A
1644,ThermoMPNN,input,0.1430131196975708,82,H,F,input,A
1645,ThermoMPNN,input,0.9916762709617615,82,H,G,input,A
1646,ThermoMPNN,input,0.0,82,H,H,input,A
1647,ThermoMPNN,input,0.20670199394226074,82,H,I,input,A
1648,ThermoMPNN,input,0.4541703462600708,82,H,K,input,A
1649,ThermoMPNN,input,0.3626997470855713,82,H,L,input,A
1650,ThermoMPNN,input,0.46031224727630615,82,H,M,input,A
1651,ThermoMPNN,input,0.5014344453811646,82,H,N,input,A
1652,ThermoMPNN,input,1.0076615810394287,82,H,P,input,A
1653,ThermoMPNN,input,0.5157580971717834,82,H,Q,input,A
1654,ThermoMPNN,input,0.36078882217407227,82,H,R,input,A
1655,ThermoMPNN,input,0.6097513437271118,82,H,S,input,A
1656,ThermoMPNN,input,0.6530015468597412,82,H,T,input,A
1657,ThermoMPNN,input,0.27421510219573975,82,H,V,input,A
1658,ThermoMPNN,input,0.13926541805267334,82,H,W,input,A
1659,ThermoMPNN,input,-0.07293903827667236,82,H,Y,input,A
1660,ThermoMPNN,input,1.1585098505020142,83,H,A,input,A
1661,ThermoMPNN,input,0.8333497047424316,83,H,C,input,A
1662,ThermoMPNN,input,1.8085185289382935,83,H,D,input,A
1663,ThermoMPNN,input,1.61555814743042,83,H,E,input,A
1664,ThermoMPNN,input,1.1080002784729004,83,H,F,input,A
1665,ThermoMPNN,input,2.182490348815918,83,H,G,input,A
1666,ThermoMPNN,input,0.0,83,H,H,input,A
1667,ThermoMPNN,input,1.343711256980896,83,H,I,input,A
1668,ThermoMPNN,input,1.2694792747497559,83,H,K,input,A
1669,ThermoMPNN,input,1.4002056121826172,83,H,L,input,A
1670,ThermoMPNN,input,1.4233927726745605,83,H,M,input,A
1671,ThermoMPNN,input,0.734929084777832,83,H,N,input,A
1672,ThermoMPNN,input,1.0997333526611328,83,H,P,input,A
1673,ThermoMPNN,input,1.2171871662139893,83,H,Q,input,A
1674,ThermoMPNN,input,1.1538736820220947,83,H,R,input,A
1675,ThermoMPNN,input,1.2490007877349854,83,H,S,input,A
1676,ThermoMPNN,input,1.8699147701263428,83,H,T,input,A
1677,ThermoMPNN,input,1.5017845630645752,83,H,V,input,A
1678,ThermoMPNN,input,0.9423184990882874,83,H,W,input,A
1679,ThermoMPNN,input,0.26861751079559326,83,H,Y,input,A
1680,ThermoMPNN,input,0.7228142023086548,84,E,A,input,A
1681,ThermoMPNN,input,0.8258990049362183,84,E,C,input,A
1682,ThermoMPNN,input,1.3319686651229858,84,E,D,input,A
1683,ThermoMPNN,input,0.0,84,E,E,input,A
1684,ThermoMPNN,input,1.1332647800445557,84,E,F,input,A
1685,ThermoMPNN,input,1.633679986000061,84,E,G,input,A
1686,ThermoMPNN,input,1.3205602169036865,84,E,H,input,A
1687,ThermoMPNN,input,0.8116363286972046,84,E,I,input,A
1688,ThermoMPNN,input,1.5355275869369507,84,E,K,input,A
1689,ThermoMPNN,input,1.0761467218399048,84,E,L,input,A
1690,ThermoMPNN,input,0.85201495885849,84,E,M,input,A
1691,ThermoMPNN,input,1.6930656433105469,84,E,N,input,A
1692,ThermoMPNN,input,2.427982807159424,84,E,P,input,A
1693,ThermoMPNN,input,0.7198060750961304,84,E,Q,input,A
1694,ThermoMPNN,input,1.5394067764282227,84,E,R,input,A
1695,ThermoMPNN,input,0.9657307863235474,84,E,S,input,A
1696,ThermoMPNN,input,0.7607423663139343,84,E,T,input,A
1697,ThermoMPNN,input,0.8373351693153381,84,E,V,input,A
1698,ThermoMPNN,input,1.1247222423553467,84,E,W,input,A
1699,ThermoMPNN,input,1.1717231273651123,84,E,Y,input,A
1700,ThermoMPNN,input,0.32014113664627075,85,R,A,input,A
1701,ThermoMPNN,input,0.31400245428085327,85,R,C,input,A
1702,ThermoMPNN,input,0.8212052583694458,85,R,D,input,A
1703,ThermoMPNN,input,0.7791064977645874,85,R,E,input,A
1704,ThermoMPNN,input,0.5295184254646301,85,R,F,input,A
1705,ThermoMPNN,input,0.5712629556655884,85,R,G,input,A
1706,ThermoMPNN,input,0.36761677265167236,85,R,H,input,A
1707,ThermoMPNN,input,0.46519041061401367,85,R,I,input,A
1708,ThermoMPNN,input,0.1292484998703003,85,R,K,input,A
1709,ThermoMPNN,input,0.26205503940582275,85,R,L,input,A
1710,ThermoMPNN,input,0.2878345847129822,85,R,M,input,A
1711,ThermoMPNN,input,0.3045669198036194,85,R,N,input,A
1712,ThermoMPNN,input,1.8915388584136963,85,R,P,input,A
1713,ThermoMPNN,input,0.38399696350097656,85,R,Q,input,A
1714,ThermoMPNN,input,0.0,85,R,R,input,A
1715,ThermoMPNN,input,0.3256983160972595,85,R,S,input,A
1716,ThermoMPNN,input,0.45075803995132446,85,R,T,input,A
1717,ThermoMPNN,input,0.5619767904281616,85,R,V,input,A
1718,ThermoMPNN,input,0.5989817380905151,85,R,W,input,A
1719,ThermoMPNN,input,0.5182709097862244,85,R,Y,input,A
1720,ThermoMPNN,input,-0.16277426481246948,86,C,A,input,A
1721,ThermoMPNN,input,0.0,86,C,C,input,A
1722,ThermoMPNN,input,0.4080389738082886,86,C,D,input,A
1723,ThermoMPNN,input,0.24029278755187988,86,C,E,input,A
1724,ThermoMPNN,input,0.0806431770324707,86,C,F,input,A
1725,ThermoMPNN,input,0.34793621301651,86,C,G,input,A
1726,ThermoMPNN,input,0.05328655242919922,86,C,H,input,A
1727,ThermoMPNN,input,-0.023317694664001465,86,C,I,input,A
1728,ThermoMPNN,input,-0.29077643156051636,86,C,K,input,A
1729,ThermoMPNN,input,-0.14421004056930542,86,C,L,input,A
1730,ThermoMPNN,input,-0.20137649774551392,86,C,M,input,A
1731,ThermoMPNN,input,0.15908819437026978,86,C,N,input,A
1732,ThermoMPNN,input,1.2913569211959839,86,C,P,input,A
1733,ThermoMPNN,input,-0.19135135412216187,86,C,Q,input,A
1734,ThermoMPNN,input,-0.432107150554657,86,C,R,input,A
1735,ThermoMPNN,input,0.1021685004234314,86,C,S,input,A
1736,ThermoMPNN,input,0.22947025299072266,86,C,T,input,A
1737,ThermoMPNN,input,0.06788277626037598,86,C,V,input,A
1738,ThermoMPNN,input,0.11368101835250854,86,C,W,input,A
1739,ThermoMPNN,input,0.15467894077301025,86,C,Y,input,A
1740,ThermoMPNN,input,-0.11098212003707886,87,S,A,input,A
1741,ThermoMPNN,input,-0.17281705141067505,87,S,C,input,A
1742,ThermoMPNN,input,0.030085206031799316,87,S,D,input,A
1743,ThermoMPNN,input,0.07464683055877686,87,S,E,input,A
1744,ThermoMPNN,input,-0.014217674732208252,87,S,F,input,A
1745,ThermoMPNN,input,0.0055068135261535645,87,S,G,input,A
1746,ThermoMPNN,input,-0.024125218391418457,87,S,H,input,A
1747,ThermoMPNN,input,0.09081131219863892,87,S,I,input,A
1748,ThermoMPNN,input,-0.049009740352630615,87,S,K,input,A
1749,ThermoMPNN,input,-0.008320927619934082,87,S,L,input,A
1750,ThermoMPNN,input,0.047216176986694336,87,S,M,input,A
1751,ThermoMPNN,input,-0.07347089052200317,87,S,N,input,A
1752,ThermoMPNN,input,0.019311904907226562,87,S,P,input,A
1753,ThermoMPNN,input,0.014736175537109375,87,S,Q,input,A
1754,ThermoMPNN,input,0.041291236877441406,87,S,R,input,A
1755,ThermoMPNN,input,0.0,87,S,S,input,A
1756,ThermoMPNN,input,0.16619855165481567,87,S,T,input,A
1757,ThermoMPNN,input,0.19908583164215088,87,S,V,input,A
1758,ThermoMPNN,input,0.15888404846191406,87,S,W,input,A
1759,ThermoMPNN,input,0.05253690481185913,87,S,Y,input,A
1760,ThermoMPNN,input,1.051895260810852,88,D,A,input,A
1761,ThermoMPNN,input,0.8120898604393005,88,D,C,input,A
1762,ThermoMPNN,input,0.0,88,D,D,input,A
1763,ThermoMPNN,input,1.0447032451629639,88,D,E,input,A
1764,ThermoMPNN,input,1.1544780731201172,88,D,F,input,A
1765,ThermoMPNN,input,1.3658581972122192,88,D,G,input,A
1766,ThermoMPNN,input,1.2037138938903809,88,D,H,input,A
1767,ThermoMPNN,input,1.286865472793579,88,D,I,input,A
1768,ThermoMPNN,input,1.759961724281311,88,D,K,input,A
1769,ThermoMPNN,input,1.3437646627426147,88,D,L,input,A
1770,ThermoMPNN,input,1.1992199420928955,88,D,M,input,A
1771,ThermoMPNN,input,0.8488819003105164,88,D,N,input,A
1772,ThermoMPNN,input,1.523988962173462,88,D,P,input,A
1773,ThermoMPNN,input,1.1314308643341064,88,D,Q,input,A
1774,ThermoMPNN,input,1.8052092790603638,88,D,R,input,A
1775,ThermoMPNN,input,0.7138569355010986,88,D,S,input,A
1776,ThermoMPNN,input,1.3295581340789795,88,D,T,input,A
1777,ThermoMPNN,input,1.4023611545562744,88,D,V,input,A
1778,ThermoMPNN,input,0.7398264408111572,88,D,W,input,A
1779,ThermoMPNN,input,1.2602001428604126,88,D,Y,input,A
1780,ThermoMPNN,input,0.632968008518219,89,S,A,input,A
1781,ThermoMPNN,input,0.48127925395965576,89,S,C,input,A
1782,ThermoMPNN,input,0.11061596870422363,89,S,D,input,A
1783,ThermoMPNN,input,0.8664932250976562,89,S,E,input,A
1784,ThermoMPNN,input,0.8186700344085693,89,S,F,input,A
1785,ThermoMPNN,input,0.5598971247673035,89,S,G,input,A
1786,ThermoMPNN,input,0.8358243107795715,89,S,H,input,A
1787,ThermoMPNN,input,0.7996296882629395,89,S,I,input,A
1788,ThermoMPNN,input,0.9369779825210571,89,S,K,input,A
1789,ThermoMPNN,input,0.9232491254806519,89,S,L,input,A
1790,ThermoMPNN,input,0.7949159741401672,89,S,M,input,A
1791,ThermoMPNN,input,0.3037726879119873,89,S,N,input,A
1792,ThermoMPNN,input,1.0874384641647339,89,S,P,input,A
1793,ThermoMPNN,input,0.80451500415802,89,S,Q,input,A
1794,ThermoMPNN,input,0.950524091720581,89,S,R,input,A
1795,ThermoMPNN,input,0.0,89,S,S,input,A
1796,ThermoMPNN,input,0.4257725477218628,89,S,T,input,A
1797,ThermoMPNN,input,0.9974275827407837,89,S,V,input,A
1798,ThermoMPNN,input,0.8672978281974792,89,S,W,input,A
1799,ThermoMPNN,input,1.119480848312378,89,S,Y,input,A
1800,ThermoMPNN,input,1.7840259075164795,90,D,A,input,A
1801,ThermoMPNN,input,1.0570111274719238,90,D,C,input,A
1802,ThermoMPNN,input,0.0,90,D,D,input,A
1803,ThermoMPNN,input,1.4836523532867432,90,D,E,input,A
1804,ThermoMPNN,input,1.6564528942108154,90,D,F,input,A
1805,ThermoMPNN,input,1.7811710834503174,90,D,G,input,A
1806,ThermoMPNN,input,1.4565155506134033,90,D,H,input,A
1807,ThermoMPNN,input,1.9712738990783691,90,D,I,input,A
1808,ThermoMPNN,input,1.808026671409607,90,D,K,input,A
1809,ThermoMPNN,input,1.7911391258239746,90,D,L,input,A
1810,ThermoMPNN,input,1.9843398332595825,90,D,M,input,A
1811,ThermoMPNN,input,0.6380044221878052,90,D,N,input,A
1812,ThermoMPNN,input,1.691067099571228,90,D,P,input,A
1813,ThermoMPNN,input,1.9031916856765747,90,D,Q,input,A
1814,ThermoMPNN,input,1.768552541732788,90,D,R,input,A
1815,ThermoMPNN,input,1.1825172901153564,90,D,S,input,A
1816,ThermoMPNN,input,1.7209593057632446,90,D,T,input,A
1817,ThermoMPNN,input,2.1417009830474854,90,D,V,input,A
1818,ThermoMPNN,input,1.8891501426696777,90,D,W,input,A
1819,ThermoMPNN,input,1.8940069675445557,90,D,Y,input,A
1820,ThermoMPNN,input,1.1829785108566284,91,G,A,input,A
1821,ThermoMPNN,input,0.7829477787017822,91,G,C,input,A
1822,ThermoMPNN,input,1.0813124179840088,91,G,D,input,A
1823,ThermoMPNN,input,1.280142068862915,91,G,E,input,A
1824,ThermoMPNN,input,1.261747121810913,91,G,F,input,A
1825,ThermoMPNN,input,0.0,91,G,G,input,A
1826,ThermoMPNN,input,1.2318989038467407,91,G,H,input,A
1827,ThermoMPNN,input,1.619927167892456,91,G,I,input,A
1828,ThermoMPNN,input,1.4362143278121948,91,G,K,input,A
1829,ThermoMPNN,input,1.4324924945831299,91,G,L,input,A
1830,ThermoMPNN,input,1.3086762428283691,91,G,M,input,A
1831,ThermoMPNN,input,1.0709710121154785,91,G,N,input,A
1832,ThermoMPNN,input,1.7240967750549316,91,G,P,input,A
1833,ThermoMPNN,input,1.381119966506958,91,G,Q,input,A
1834,ThermoMPNN,input,1.4378697872161865,91,G,R,input,A
1835,ThermoMPNN,input,1.1711781024932861,91,G,S,input,A
1836,ThermoMPNN,input,1.3221051692962646,91,G,T,input,A
1837,ThermoMPNN,input,1.6382310390472412,91,G,V,input,A
1838,ThermoMPNN,input,1.3214255571365356,91,G,W,input,A
1839,ThermoMPNN,input,1.3266940116882324,91,G,Y,input,A
1840,ThermoMPNN,input,1.1488115787506104,92,L,A,input,A
1841,ThermoMPNN,input,0.6455140113830566,92,L,C,input,A
1842,ThermoMPNN,input,1.7129490375518799,92,L,D,input,A
1843,ThermoMPNN,input,1.6022292375564575,92,L,E,input,A
1844,ThermoMPNN,input,0.48094749450683594,92,L,F,input,A
1845,ThermoMPNN,input,1.6860878467559814,92,L,G,input,A
1846,ThermoMPNN,input,0.9256579279899597,92,L,H,input,A
1847,ThermoMPNN,input,-0.16368615627288818,92,L,I,input,A
1848,ThermoMPNN,input,0.7374281883239746,92,L,K,input,A
1849,ThermoMPNN,input,0.0,92,L,L,input,A
1850,ThermoMPNN,input,0.4476339817047119,92,L,M,input,A
1851,ThermoMPNN,input,1.209533929824829,92,L,N,input,A
1852,ThermoMPNN,input,1.663120150566101,92,L,P,input,A
1853,ThermoMPNN,input,1.0221781730651855,92,L,Q,input,A
1854,ThermoMPNN,input,0.7273035049438477,92,L,R,input,A
1855,ThermoMPNN,input,1.2399041652679443,92,L,S,input,A
1856,ThermoMPNN,input,0.807259202003479,92,L,T,input,A
1857,ThermoMPNN,input,0.25464165210723877,92,L,V,input,A
1858,ThermoMPNN,input,0.6067929863929749,92,L,W,input,A
1859,ThermoMPNN,input,0.5278826355934143,92,L,Y,input,A
1860,ThermoMPNN,input,0.0,93,A,A,input,A
1861,ThermoMPNN,input,0.21767818927764893,93,A,C,input,A
1862,ThermoMPNN,input,1.699375867843628,93,A,D,input,A
1863,ThermoMPNN,input,1.5684815645217896,93,A,E,input,A
1864,ThermoMPNN,input,0.8863474726676941,93,A,F,input,A
1865,ThermoMPNN,input,1.3943006992340088,93,A,G,input,A
1866,ThermoMPNN,input,1.1016020774841309,93,A,H,input,A
1867,ThermoMPNN,input,0.6985959410667419,93,A,I,input,A
1868,ThermoMPNN,input,1.261108160018921,93,A,K,input,A
1869,ThermoMPNN,input,1.0156059265136719,93,A,L,input,A
1870,ThermoMPNN,input,0.9480909109115601,93,A,M,input,A
1871,ThermoMPNN,input,1.384722352027893,93,A,N,input,A
1872,ThermoMPNN,input,1.0690181255340576,93,A,P,input,A
1873,ThermoMPNN,input,1.275636911392212,93,A,Q,input,A
1874,ThermoMPNN,input,1.1101360321044922,93,A,R,input,A
1875,ThermoMPNN,input,0.368222713470459,93,A,S,input,A
1876,ThermoMPNN,input,0.043042540550231934,93,A,T,input,A
1877,ThermoMPNN,input,-0.27384841442108154,93,A,V,input,A
1878,ThermoMPNN,input,1.2752095460891724,93,A,W,input,A
1879,ThermoMPNN,input,0.9294272661209106,93,A,Y,input,A
1880,ThermoMPNN,input,1.5390208959579468,94,P,A,input,A
1881,ThermoMPNN,input,0.9046428203582764,94,P,C,input,A
1882,ThermoMPNN,input,1.24444580078125,94,P,D,input,A
1883,ThermoMPNN,input,1.652330756187439,94,P,E,input,A
1884,ThermoMPNN,input,1.2549383640289307,94,P,F,input,A
1885,ThermoMPNN,input,2.0074286460876465,94,P,G,input,A
1886,ThermoMPNN,input,0.8501851558685303,94,P,H,input,A
1887,ThermoMPNN,input,1.511143684387207,94,P,I,input,A
1888,ThermoMPNN,input,1.4781243801116943,94,P,K,input,A
1889,ThermoMPNN,input,1.26285719871521,94,P,L,input,A
1890,ThermoMPNN,input,1.5395023822784424,94,P,M,input,A
1891,ThermoMPNN,input,0.9525569081306458,94,P,N,input,A
1892,ThermoMPNN,input,0.0,94,P,P,input,A
1893,ThermoMPNN,input,1.5351665019989014,94,P,Q,input,A
1894,ThermoMPNN,input,1.516484022140503,94,P,R,input,A
1895,ThermoMPNN,input,1.4039483070373535,94,P,S,input,A
1896,ThermoMPNN,input,1.7785756587982178,94,P,T,input,A
1897,ThermoMPNN,input,1.6940762996673584,94,P,V,input,A
1898,ThermoMPNN,input,1.2810389995574951,94,P,W,input,A
1899,ThermoMPNN,input,0.9151544570922852,94,P,Y,input,A
1900,ThermoMPNN,input,0.2976266145706177,95,P,A,input,A
1901,ThermoMPNN,input,0.4084377884864807,95,P,C,input,A
1902,ThermoMPNN,input,0.8871821165084839,95,P,D,input,A
1903,ThermoMPNN,input,0.7551563382148743,95,P,E,input,A
1904,ThermoMPNN,input,1.018176555633545,95,P,F,input,A
1905,ThermoMPNN,input,0.7847311496734619,95,P,G,input,A
1906,ThermoMPNN,input,0.5067833065986633,95,P,H,input,A
1907,ThermoMPNN,input,1.0008946657180786,95,P,I,input,A
1908,ThermoMPNN,input,0.3886011242866516,95,P,K,input,A
1909,ThermoMPNN,input,0.853543758392334,95,P,L,input,A
1910,ThermoMPNN,input,0.9249436855316162,95,P,M,input,A
1911,ThermoMPNN,input,0.5013213753700256,95,P,N,input,A
1912,ThermoMPNN,input,0.0,95,P,P,input,A
1913,ThermoMPNN,input,0.5406274795532227,95,P,Q,input,A
1914,ThermoMPNN,input,0.5483847260475159,95,P,R,input,A
1915,ThermoMPNN,input,0.3083299398422241,95,P,S,input,A
1916,ThermoMPNN,input,0.7658135294914246,95,P,T,input,A
1917,ThermoMPNN,input,0.9455362558364868,95,P,V,input,A
1918,ThermoMPNN,input,1.1038357019424438,95,P,W,input,A
1919,ThermoMPNN,input,0.8601247072219849,95,P,Y,input,A
1920,ThermoMPNN,input,0.22502535581588745,96,Q,A,input,A
1921,ThermoMPNN,input,0.05562394857406616,96,Q,C,input,A
1922,ThermoMPNN,input,0.5087692141532898,96,Q,D,input,A
1923,ThermoMPNN,input,0.3067672848701477,96,Q,E,input,A
1924,ThermoMPNN,input,0.23220598697662354,96,Q,F,input,A
1925,ThermoMPNN,input,0.3075786232948303,96,Q,G,input,A
1926,ThermoMPNN,input,-0.2906329035758972,96,Q,H,input,A
1927,ThermoMPNN,input,0.6587744355201721,96,Q,I,input,A
1928,ThermoMPNN,input,0.04296654462814331,96,Q,K,input,A
1929,ThermoMPNN,input,0.5881695747375488,96,Q,L,input,A
1930,ThermoMPNN,input,0.5303037762641907,96,Q,M,input,A
1931,ThermoMPNN,input,0.13340073823928833,96,Q,N,input,A
1932,ThermoMPNN,input,0.7252218723297119,96,Q,P,input,A
1933,ThermoMPNN,input,0.0,96,Q,Q,input,A
1934,ThermoMPNN,input,0.05065107345581055,96,Q,R,input,A
1935,ThermoMPNN,input,0.17464584112167358,96,Q,S,input,A
1936,ThermoMPNN,input,0.22094738483428955,96,Q,T,input,A
1937,ThermoMPNN,input,0.567000150680542,96,Q,V,input,A
1938,ThermoMPNN,input,0.25897157192230225,96,Q,W,input,A
1939,ThermoMPNN,input,-0.056394875049591064,96,Q,Y,input,A
1940,ThermoMPNN,input,0.11803972721099854,97,H,A,input,A
1941,ThermoMPNN,input,-0.11947989463806152,97,H,C,input,A
1942,ThermoMPNN,input,1.3343610763549805,97,H,D,input,A
1943,ThermoMPNN,input,1.6075968742370605,97,H,E,input,A
1944,ThermoMPNN,input,-0.16536104679107666,97,H,F,input,A
1945,ThermoMPNN,input,1.5967437028884888,97,H,G,input,A
1946,ThermoMPNN,input,0.0,97,H,H,input,A
1947,ThermoMPNN,input,0.3361879587173462,97,H,I,input,A
1948,ThermoMPNN,input,1.2117054462432861,97,H,K,input,A
1949,ThermoMPNN,input,0.41863059997558594,97,H,L,input,A
1950,ThermoMPNN,input,0.4218113422393799,97,H,M,input,A
1951,ThermoMPNN,input,0.603447437286377,97,H,N,input,A
1952,ThermoMPNN,input,1.46410071849823,97,H,P,input,A
1953,ThermoMPNN,input,1.1643352508544922,97,H,Q,input,A
1954,ThermoMPNN,input,1.037962555885315,97,H,R,input,A
1955,ThermoMPNN,input,0.6092851161956787,97,H,S,input,A
1956,ThermoMPNN,input,0.7073708772659302,97,H,T,input,A
1957,ThermoMPNN,input,-0.03526484966278076,97,H,V,input,A
1958,ThermoMPNN,input,0.2983168959617615,97,H,W,input,A
1959,ThermoMPNN,input,-0.28907346725463867,97,H,Y,input,A
1960,ThermoMPNN,input,2.1087825298309326,98,L,A,input,A
1961,ThermoMPNN,input,1.5209236145019531,98,L,C,input,A
1962,ThermoMPNN,input,2.541524887084961,98,L,D,input,A
1963,ThermoMPNN,input,2.5449159145355225,98,L,E,input,A
1964,ThermoMPNN,input,1.8510518074035645,98,L,F,input,A
1965,ThermoMPNN,input,2.787946939468384,98,L,G,input,A
1966,ThermoMPNN,input,2.7715446949005127,98,L,H,input,A
1967,ThermoMPNN,input,0.8727171421051025,98,L,I,input,A
1968,ThermoMPNN,input,2.828371047973633,98,L,K,input,A
1969,ThermoMPNN,input,0.0,98,L,L,input,A
1970,ThermoMPNN,input,1.3012832403182983,98,L,M,input,A
1971,ThermoMPNN,input,2.6274287700653076,98,L,N,input,A
1972,ThermoMPNN,input,2.285130500793457,98,L,P,input,A
1973,ThermoMPNN,input,2.712517023086548,98,L,Q,input,A
1974,ThermoMPNN,input,3.0506606101989746,98,L,R,input,A
1975,ThermoMPNN,input,2.7863264083862305,98,L,S,input,A
1976,ThermoMPNN,input,2.559541702270508,98,L,T,input,A
1977,ThermoMPNN,input,0.9187198877334595,98,L,V,input,A
1978,ThermoMPNN,input,2.4504013061523438,98,L,W,input,A
1979,ThermoMPNN,input,2.511845588684082,98,L,Y,input,A
1980,ThermoMPNN,input,2.738203763961792,99,I,A,input,A
1981,ThermoMPNN,input,1.9248675107955933,99,I,C,input,A
1982,ThermoMPNN,input,3.872659206390381,99,I,D,input,A
1983,ThermoMPNN,input,3.736837863922119,99,I,E,input,A
1984,ThermoMPNN,input,1.9237867593765259,99,I,F,input,A
1985,ThermoMPNN,input,3.5310111045837402,99,I,G,input,A
1986,ThermoMPNN,input,3.45817232131958,99,I,H,input,A
1987,ThermoMPNN,input,0.0,99,I,I,input,A
1988,ThermoMPNN,input,3.2540574073791504,99,I,K,input,A
1989,ThermoMPNN,input,0.8930013179779053,99,I,L,input,A
1990,ThermoMPNN,input,1.718619465827942,99,I,M,input,A
1991,ThermoMPNN,input,3.6332309246063232,99,I,N,input,A
1992,ThermoMPNN,input,3.033768653869629,99,I,P,input,A
1993,ThermoMPNN,input,3.5549981594085693,99,I,Q,input,A
1994,ThermoMPNN,input,3.3035683631896973,99,I,R,input,A
1995,ThermoMPNN,input,3.46667742729187,99,I,S,input,A
1996,ThermoMPNN,input,2.755598783493042,99,I,T,input,A
1997,ThermoMPNN,input,0.7759644985198975,99,I,V,input,A
1998,ThermoMPNN,input,2.375354051589966,99,I,W,input,A
1999,ThermoMPNN,input,2.4234020709991455,99,I,Y,input,A
2000,ThermoMPNN,input,1.087355136871338,100,R,A,input,A
2001,ThermoMPNN,input,1.3928008079528809,100,R,C,input,A
2002,ThermoMPNN,input,2.2411386966705322,100,R,D,input,A
2003,ThermoMPNN,input,2.395418643951416,100,R,E,input,A
2004,ThermoMPNN,input,1.3600983619689941,100,R,F,input,A
2005,ThermoMPNN,input,1.4913370609283447,100,R,G,input,A
2006,ThermoMPNN,input,1.2568719387054443,100,R,H,input,A
2007,ThermoMPNN,input,1.0885932445526123,100,R,I,input,A
2008,ThermoMPNN,input,0.6461524963378906,100,R,K,input,A
2009,ThermoMPNN,input,1.6105726957321167,100,R,L,input,A
2010,ThermoMPNN,input,1.27860426902771,100,R,M,input,A
2011,ThermoMPNN,input,1.3712964057922363,100,R,N,input,A
2012,ThermoMPNN,input,2.728989601135254,100,R,P,input,A
2013,ThermoMPNN,input,1.293567180633545,100,R,Q,input,A
2014,ThermoMPNN,input,0.0,100,R,R,input,A
2015,ThermoMPNN,input,0.7421648502349854,100,R,S,input,A
2016,ThermoMPNN,input,0.7696232795715332,100,R,T,input,A
2017,ThermoMPNN,input,1.0967823266983032,100,R,V,input,A
2018,ThermoMPNN,input,1.613210916519165,100,R,W,input,A
2019,ThermoMPNN,input,1.4333624839782715,100,R,Y,input,A
2020,ThermoMPNN,input,2.2346439361572266,101,V,A,input,A
2021,ThermoMPNN,input,1.5525442361831665,101,V,C,input,A
2022,ThermoMPNN,input,3.392083168029785,101,V,D,input,A
2023,ThermoMPNN,input,3.3611948490142822,101,V,E,input,A
2024,ThermoMPNN,input,2.092313528060913,101,V,F,input,A
2025,ThermoMPNN,input,3.408754348754883,101,V,G,input,A
2026,ThermoMPNN,input,3.3260467052459717,101,V,H,input,A
2027,ThermoMPNN,input,0.2243196964263916,101,V,I,input,A
2028,ThermoMPNN,input,3.363903284072876,101,V,K,input,A
2029,ThermoMPNN,input,1.6118361949920654,101,V,L,input,A
2030,ThermoMPNN,input,2.1146352291107178,101,V,M,input,A
2031,ThermoMPNN,input,3.5318894386291504,101,V,N,input,A
2032,ThermoMPNN,input,2.86322283744812,101,V,P,input,A
2033,ThermoMPNN,input,3.2654428482055664,101,V,Q,input,A
2034,ThermoMPNN,input,3.5019683837890625,101,V,R,input,A
2035,ThermoMPNN,input,3.096203565597534,101,V,S,input,A
2036,ThermoMPNN,input,2.3032517433166504,101,V,T,input,A
2037,ThermoMPNN,input,0.0,101,V,V,input,A
2038,ThermoMPNN,input,2.7849206924438477,101,V,W,input,A
2039,ThermoMPNN,input,2.7285850048065186,101,V,Y,input,A
2040,ThermoMPNN,input,-0.09755450487136841,102,E,A,input,A
2041,ThermoMPNN,input,-0.3639329671859741,102,E,C,input,A
2042,ThermoMPNN,input,0.10798388719558716,102,E,D,input,A
2043,ThermoMPNN,input,0.0,102,E,E,input,A
2044,ThermoMPNN,input,0.15702688694000244,102,E,F,input,A
2045,ThermoMPNN,input,0.4589625895023346,102,E,G,input,A
2046,ThermoMPNN,input,0.28484347462654114,102,E,H,input,A
2047,ThermoMPNN,input,-0.5444115400314331,102,E,I,input,A
2048,ThermoMPNN,input,0.43806612491607666,102,E,K,input,A
2049,ThermoMPNN,input,-0.07287824153900146,102,E,L,input,A
2050,ThermoMPNN,input,-0.09078329801559448,102,E,M,input,A
2051,ThermoMPNN,input,0.2530926764011383,102,E,N,input,A
2052,ThermoMPNN,input,2.02445125579834,102,E,P,input,A
2053,ThermoMPNN,input,0.08127957582473755,102,E,Q,input,A
2054,ThermoMPNN,input,0.32365882396698,102,E,R,input,A
2055,ThermoMPNN,input,-0.2911301851272583,102,E,S,input,A
2056,ThermoMPNN,input,-0.30883896350860596,102,E,T,input,A
2057,ThermoMPNN,input,-0.5596638917922974,102,E,V,input,A
2058,ThermoMPNN,input,0.3447078764438629,102,E,W,input,A
2059,ThermoMPNN,input,0.3775862455368042,102,E,Y,input,A
2060,ThermoMPNN,input,1.2380492687225342,103,G,A,input,A
2061,ThermoMPNN,input,0.3735010623931885,103,G,C,input,A
2062,ThermoMPNN,input,0.8996371626853943,103,G,D,input,A
2063,ThermoMPNN,input,1.0382940769195557,103,G,E,input,A
2064,ThermoMPNN,input,0.9110931754112244,103,G,F,input,A
2065,ThermoMPNN,input,0.0,103,G,G,input,A
2066,ThermoMPNN,input,0.8140701055526733,103,G,H,input,A
2067,ThermoMPNN,input,1.7638834714889526,103,G,I,input,A
2068,ThermoMPNN,input,1.1395421028137207,103,G,K,input,A
2069,ThermoMPNN,input,1.0366781949996948,103,G,L,input,A
2070,ThermoMPNN,input,0.9042093753814697,103,G,M,input,A
2071,ThermoMPNN,input,0.5080924034118652,103,G,N,input,A
2072,ThermoMPNN,input,2.120530605316162,103,G,P,input,A
2073,ThermoMPNN,input,1.062227487564087,103,G,Q,input,A
2074,ThermoMPNN,input,1.1749639511108398,103,G,R,input,A
2075,ThermoMPNN,input,1.2300734519958496,103,G,S,input,A
2076,ThermoMPNN,input,1.643792986869812,103,G,T,input,A
2077,ThermoMPNN,input,1.7673736810684204,103,G,V,input,A
2078,ThermoMPNN,input,1.2264922857284546,103,G,W,input,A
2079,ThermoMPNN,input,1.0338969230651855,103,G,Y,input,A
2080,ThermoMPNN,input,1.0411099195480347,104,N,A,input,A
2081,ThermoMPNN,input,0.3144974708557129,104,N,C,input,A
2082,ThermoMPNN,input,0.15824127197265625,104,N,D,input,A
2083,ThermoMPNN,input,0.8428479433059692,104,N,E,input,A
2084,ThermoMPNN,input,0.9923325777053833,104,N,F,input,A
2085,ThermoMPNN,input,1.7441023588180542,104,N,G,input,A
2086,ThermoMPNN,input,0.5535311102867126,104,N,H,input,A
2087,ThermoMPNN,input,0.9781370162963867,104,N,I,input,A
2088,ThermoMPNN,input,1.56318998336792,104,N,K,input,A
2089,ThermoMPNN,input,0.33650124073028564,104,N,L,input,A
2090,ThermoMPNN,input,0.46313440799713135,104,N,M,input,A
2091,ThermoMPNN,input,0.0,104,N,N,input,A
2092,ThermoMPNN,input,2.484133243560791,104,N,P,input,A
2093,ThermoMPNN,input,0.8499287366867065,104,N,Q,input,A
2094,ThermoMPNN,input,1.4799624681472778,104,N,R,input,A
2095,ThermoMPNN,input,0.8136470317840576,104,N,S,input,A
2096,ThermoMPNN,input,1.236684799194336,104,N,T,input,A
2097,ThermoMPNN,input,0.8898609280586243,104,N,V,input,A
2098,ThermoMPNN,input,0.8585156798362732,104,N,W,input,A
2099,ThermoMPNN,input,1.0684458017349243,104,N,Y,input,A
2100,ThermoMPNN,input,-0.13161605596542358,105,L,A,input,A
2101,ThermoMPNN,input,-0.17537319660186768,105,L,C,input,A
2102,ThermoMPNN,input,-0.1792367696762085,105,L,D,input,A
2103,ThermoMPNN,input,-0.07641339302062988,105,L,E,input,A
2104,ThermoMPNN,input,0.11881595849990845,105,L,F,input,A
2105,ThermoMPNN,input,0.1405385136604309,105,L,G,input,A
2106,ThermoMPNN,input,0.041422903537750244,105,L,H,input,A
2107,ThermoMPNN,input,0.09529942274093628,105,L,I,input,A
2108,ThermoMPNN,input,0.059278249740600586,105,L,K,input,A
2109,ThermoMPNN,input,0.0,105,L,L,input,A
2110,ThermoMPNN,input,0.08513534069061279,105,L,M,input,A
2111,ThermoMPNN,input,0.03505706787109375,105,L,N,input,A
2112,ThermoMPNN,input,-0.25298482179641724,105,L,P,input,A
2113,ThermoMPNN,input,0.006525576114654541,105,L,Q,input,A
2114,ThermoMPNN,input,0.10893136262893677,105,L,R,input,A
2115,ThermoMPNN,input,-0.11578869819641113,105,L,S,input,A
2116,ThermoMPNN,input,-0.017701387405395508,105,L,T,input,A
2117,ThermoMPNN,input,0.11742407083511353,105,L,V,input,A
2118,ThermoMPNN,input,-0.07388991117477417,105,L,W,input,A
2119,ThermoMPNN,input,0.0830388069152832,105,L,Y,input,A
2120,ThermoMPNN,input,0.556596577167511,106,R,A,input,A
2121,ThermoMPNN,input,0.3125166893005371,106,R,C,input,A
2122,ThermoMPNN,input,0.9610824584960938,106,R,D,input,A
2123,ThermoMPNN,input,0.8584409356117249,106,R,E,input,A
2124,ThermoMPNN,input,0.40298235416412354,106,R,F,input,A
2125,ThermoMPNN,input,1.2343107461929321,106,R,G,input,A
2126,ThermoMPNN,input,0.3301364779472351,106,R,H,input,A
2127,ThermoMPNN,input,0.757745623588562,106,R,I,input,A
2128,ThermoMPNN,input,0.3062788248062134,106,R,K,input,A
2129,ThermoMPNN,input,0.2384263277053833,106,R,L,input,A
2130,ThermoMPNN,input,0.27781379222869873,106,R,M,input,A
2131,ThermoMPNN,input,0.492292582988739,106,R,N,input,A
2132,ThermoMPNN,input,2.539602518081665,106,R,P,input,A
2133,ThermoMPNN,input,0.42200368642807007,106,R,Q,input,A
2134,ThermoMPNN,input,0.0,106,R,R,input,A
2135,ThermoMPNN,input,0.6559199094772339,106,R,S,input,A
2136,ThermoMPNN,input,0.6893436312675476,106,R,T,input,A
2137,ThermoMPNN,input,0.9094423055648804,106,R,V,input,A
2138,ThermoMPNN,input,0.41709816455841064,106,R,W,input,A
2139,ThermoMPNN,input,0.3954980969429016,106,R,Y,input,A
2140,ThermoMPNN,input,1.0259819030761719,107,V,A,input,A
2141,ThermoMPNN,input,0.975957989692688,107,V,C,input,A
2142,ThermoMPNN,input,2.8224239349365234,107,V,D,input,A
2143,ThermoMPNN,input,2.59684419631958,107,V,E,input,A
2144,ThermoMPNN,input,1.8693050146102905,107,V,F,input,A
2145,ThermoMPNN,input,2.419154644012451,107,V,G,input,A
2146,ThermoMPNN,input,2.2159934043884277,107,V,H,input,A
2147,ThermoMPNN,input,0.9150805473327637,107,V,I,input,A
2148,ThermoMPNN,input,2.289605140686035,107,V,K,input,A
2149,ThermoMPNN,input,1.4993481636047363,107,V,L,input,A
2150,ThermoMPNN,input,1.662063479423523,107,V,M,input,A
2151,ThermoMPNN,input,2.651124954223633,107,V,N,input,A
2152,ThermoMPNN,input,1.8394343852996826,107,V,P,input,A
2153,ThermoMPNN,input,2.1271755695343018,107,V,Q,input,A
2154,ThermoMPNN,input,2.2647323608398438,107,V,R,input,A
2155,ThermoMPNN,input,1.984377145767212,107,V,S,input,A
2156,ThermoMPNN,input,1.4230403900146484,107,V,T,input,A
2157,ThermoMPNN,input,0.0,107,V,V,input,A
2158,ThermoMPNN,input,2.022744655609131,107,V,W,input,A
2159,ThermoMPNN,input,2.089348316192627,107,V,Y,input,A
2160,ThermoMPNN,input,0.5795179605484009,108,E,A,input,A
2161,ThermoMPNN,input,-0.12133574485778809,108,E,C,input,A
2162,ThermoMPNN,input,1.2404253482818604,108,E,D,input,A
2163,ThermoMPNN,input,0.0,108,E,E,input,A
2164,ThermoMPNN,input,0.22584927082061768,108,E,F,input,A
2165,ThermoMPNN,input,1.510562539100647,108,E,G,input,A
2166,ThermoMPNN,input,0.5078935623168945,108,E,H,input,A
2167,ThermoMPNN,input,-0.10972154140472412,108,E,I,input,A
2168,ThermoMPNN,input,0.538933515548706,108,E,K,input,A
2169,ThermoMPNN,input,0.19042766094207764,108,E,L,input,A
2170,ThermoMPNN,input,0.11763870716094971,108,E,M,input,A
2171,ThermoMPNN,input,1.0560154914855957,108,E,N,input,A
2172,ThermoMPNN,input,3.136101245880127,108,E,P,input,A
2173,ThermoMPNN,input,0.1384434700012207,108,E,Q,input,A
2174,ThermoMPNN,input,0.568797767162323,108,E,R,input,A
2175,ThermoMPNN,input,0.5812910199165344,108,E,S,input,A
2176,ThermoMPNN,input,0.16881132125854492,108,E,T,input,A
2177,ThermoMPNN,input,-0.18822097778320312,108,E,V,input,A
2178,ThermoMPNN,input,0.3088083863258362,108,E,W,input,A
2179,ThermoMPNN,input,0.2571348547935486,108,E,Y,input,A
2180,ThermoMPNN,input,3.3416755199432373,109,Y,A,input,A
2181,ThermoMPNN,input,2.4395828247070312,109,Y,C,input,A
2182,ThermoMPNN,input,3.2837228775024414,109,Y,D,input,A
2183,ThermoMPNN,input,3.3062551021575928,109,Y,E,input,A
2184,ThermoMPNN,input,0.9568789005279541,109,Y,F,input,A
2185,ThermoMPNN,input,3.35599946975708,109,Y,G,input,A
2186,ThermoMPNN,input,1.8154011964797974,109,Y,H,input,A
2187,ThermoMPNN,input,2.8589541912078857,109,Y,I,input,A
2188,ThermoMPNN,input,3.233973264694214,109,Y,K,input,A
2189,ThermoMPNN,input,3.077993869781494,109,Y,L,input,A
2190,ThermoMPNN,input,3.0941708087921143,109,Y,M,input,A
2191,ThermoMPNN,input,2.942657470703125,109,Y,N,input,A
2192,ThermoMPNN,input,3.150678873062134,109,Y,P,input,A
2193,ThermoMPNN,input,3.3230855464935303,109,Y,Q,input,A
2194,ThermoMPNN,input,2.8939015865325928,109,Y,R,input,A
2195,ThermoMPNN,input,3.251560926437378,109,Y,S,input,A
2196,ThermoMPNN,input,3.0518455505371094,109,Y,T,input,A
2197,ThermoMPNN,input,2.960638999938965,109,Y,V,input,A
2198,ThermoMPNN,input,0.974834680557251,109,Y,W,input,A
2199,ThermoMPNN,input,0.0,109,Y,Y,input,A
2200,ThermoMPNN,input,0.7894943356513977,110,L,A,input,A
2201,ThermoMPNN,input,-0.27933669090270996,110,L,C,input,A
2202,ThermoMPNN,input,0.6760674118995667,110,L,D,input,A
2203,ThermoMPNN,input,0.5170076489448547,110,L,E,input,A
2204,ThermoMPNN,input,-0.4577983617782593,110,L,F,input,A
2205,ThermoMPNN,input,1.2852762937545776,110,L,G,input,A
2206,ThermoMPNN,input,0.04559886455535889,110,L,H,input,A
2207,ThermoMPNN,input,-0.6486296653747559,110,L,I,input,A
2208,ThermoMPNN,input,0.634222149848938,110,L,K,input,A
2209,ThermoMPNN,input,0.0,110,L,L,input,A
2210,ThermoMPNN,input,0.26236027479171753,110,L,M,input,A
2211,ThermoMPNN,input,0.42871540784835815,110,L,N,input,A
2212,ThermoMPNN,input,1.6474981307983398,110,L,P,input,A
2213,ThermoMPNN,input,0.6341765522956848,110,L,Q,input,A
2214,ThermoMPNN,input,0.632422685623169,110,L,R,input,A
2215,ThermoMPNN,input,0.4882839024066925,110,L,S,input,A
2216,ThermoMPNN,input,0.03511685132980347,110,L,T,input,A
2217,ThermoMPNN,input,-0.44965660572052,110,L,V,input,A
2218,ThermoMPNN,input,-0.037942588329315186,110,L,W,input,A
2219,ThermoMPNN,input,-0.3426628112792969,110,L,Y,input,A
2220,ThermoMPNN,input,0.08525700867176056,111,D,A,input,A
2221,ThermoMPNN,input,-1.0968233346939087,111,D,C,input,A
2222,ThermoMPNN,input,0.0,111,D,D,input,A
2223,ThermoMPNN,input,-1.0041842460632324,111,D,E,input,A
2224,ThermoMPNN,input,-1.2886580228805542,111,D,F,input,A
2225,ThermoMPNN,input,0.6928414106369019,111,D,G,input,A
2226,ThermoMPNN,input,-0.6583663821220398,111,D,H,input,A
2227,ThermoMPNN,input,-1.1308724880218506,111,D,I,input,A
2228,ThermoMPNN,input,-0.6687964200973511,111,D,K,input,A
2229,ThermoMPNN,input,-1.0917654037475586,111,D,L,input,A
2230,ThermoMPNN,input,-0.9263599514961243,111,D,M,input,A
2231,ThermoMPNN,input,-0.04795720800757408,111,D,N,input,A
2232,ThermoMPNN,input,0.26063504815101624,111,D,P,input,A
2233,ThermoMPNN,input,-0.871911346912384,111,D,Q,input,A
2234,ThermoMPNN,input,-0.5620607137680054,111,D,R,input,A
2235,ThermoMPNN,input,-0.2159566581249237,111,D,S,input,A
2236,ThermoMPNN,input,-0.8321226835250854,111,D,T,input,A
2237,ThermoMPNN,input,-1.110289454460144,111,D,V,input,A
2238,ThermoMPNN,input,-1.1420693397521973,111,D,W,input,A
2239,ThermoMPNN,input,-1.346096158027649,111,D,Y,input,A
2240,ThermoMPNN,input,1.9903596639633179,112,D,A,input,A
2241,ThermoMPNN,input,0.7952717542648315,112,D,C,input,A
2242,ThermoMPNN,input,0.0,112,D,D,input,A
2243,ThermoMPNN,input,1.5316119194030762,112,D,E,input,A
2244,ThermoMPNN,input,1.5153355598449707,112,D,F,input,A
2245,ThermoMPNN,input,2.1882691383361816,112,D,G,input,A
2246,ThermoMPNN,input,1.0956478118896484,112,D,H,input,A
2247,ThermoMPNN,input,1.8644989728927612,112,D,I,input,A
2248,ThermoMPNN,input,2.1060638427734375,112,D,K,input,A
2249,ThermoMPNN,input,1.7725534439086914,112,D,L,input,A
2250,ThermoMPNN,input,1.8406630754470825,112,D,M,input,A
2251,ThermoMPNN,input,0.37758326530456543,112,D,N,input,A
2252,ThermoMPNN,input,2.949921131134033,112,D,P,input,A
2253,ThermoMPNN,input,1.8117163181304932,112,D,Q,input,A
2254,ThermoMPNN,input,2.036466360092163,112,D,R,input,A
2255,ThermoMPNN,input,1.4031221866607666,112,D,S,input,A
2256,ThermoMPNN,input,1.9999772310256958,112,D,T,input,A
2257,ThermoMPNN,input,1.880388855934143,112,D,V,input,A
2258,ThermoMPNN,input,1.767714262008667,112,D,W,input,A
2259,ThermoMPNN,input,1.6470719575881958,112,D,Y,input,A
2260,ThermoMPNN,input,-0.11580699682235718,113,R,A,input,A
2261,ThermoMPNN,input,0.03930485248565674,113,R,C,input,A
2262,ThermoMPNN,input,0.366382896900177,113,R,D,input,A
2263,ThermoMPNN,input,-0.008251428604125977,113,R,E,input,A
2264,ThermoMPNN,input,0.44075480103492737,113,R,F,input,A
2265,ThermoMPNN,input,0.2758665084838867,113,R,G,input,A
2266,ThermoMPNN,input,0.20386219024658203,113,R,H,input,A
2267,ThermoMPNN,input,0.21954834461212158,113,R,I,input,A
2268,ThermoMPNN,input,-0.11970508098602295,113,R,K,input,A
2269,ThermoMPNN,input,0.28342217206954956,113,R,L,input,A
2270,ThermoMPNN,input,0.20868515968322754,113,R,M,input,A
2271,ThermoMPNN,input,0.26655149459838867,113,R,N,input,A
2272,ThermoMPNN,input,-0.32521432638168335,113,R,P,input,A
2273,ThermoMPNN,input,-0.1016419529914856,113,R,Q,input,A
2274,ThermoMPNN,input,0.0,113,R,R,input,A
2275,ThermoMPNN,input,-0.10938555002212524,113,R,S,input,A
2276,ThermoMPNN,input,0.16297733783721924,113,R,T,input,A
2277,ThermoMPNN,input,0.24773675203323364,113,R,V,input,A
2278,ThermoMPNN,input,0.41245701909065247,113,R,W,input,A
2279,ThermoMPNN,input,0.37779584527015686,113,R,Y,input,A
2280,ThermoMPNN,input,0.18046951293945312,114,N,A,input,A
2281,ThermoMPNN,input,-0.26284486055374146,114,N,C,input,A
2282,ThermoMPNN,input,-0.04311656951904297,114,N,D,input,A
2283,ThermoMPNN,input,-0.09433412551879883,114,N,E,input,A
2284,ThermoMPNN,input,-0.07219362258911133,114,N,F,input,A
2285,ThermoMPNN,input,0.6394078731536865,114,N,G,input,A
2286,ThermoMPNN,input,-0.07044929265975952,114,N,H,input,A
2287,ThermoMPNN,input,-0.1505334973335266,114,N,I,input,A
2288,ThermoMPNN,input,0.24780386686325073,114,N,K,input,A
2289,ThermoMPNN,input,0.013501942157745361,114,N,L,input,A
2290,ThermoMPNN,input,0.12865287065505981,114,N,M,input,A
2291,ThermoMPNN,input,0.0,114,N,N,input,A
2292,ThermoMPNN,input,1.6048855781555176,114,N,P,input,A
2293,ThermoMPNN,input,0.053896188735961914,114,N,Q,input,A
2294,ThermoMPNN,input,0.19390177726745605,114,N,R,input,A
2295,ThermoMPNN,input,0.03974026441574097,114,N,S,input,A
2296,ThermoMPNN,input,-0.15272819995880127,114,N,T,input,A
2297,ThermoMPNN,input,-0.23743492364883423,114,N,V,input,A
2298,ThermoMPNN,input,-0.020841121673583984,114,N,W,input,A
2299,ThermoMPNN,input,-0.11874610185623169,114,N,Y,input,A
2300,ThermoMPNN,input,2.1349074840545654,115,T,A,input,A
2301,ThermoMPNN,input,1.6465424299240112,115,T,C,input,A
2302,ThermoMPNN,input,1.7435117959976196,115,T,D,input,A
2303,ThermoMPNN,input,2.109015464782715,115,T,E,input,A
2304,ThermoMPNN,input,2.2090635299682617,115,T,F,input,A
2305,ThermoMPNN,input,2.057812452316284,115,T,G,input,A
2306,ThermoMPNN,input,2.0798301696777344,115,T,H,input,A
2307,ThermoMPNN,input,2.3268675804138184,115,T,I,input,A
2308,ThermoMPNN,input,2.2672202587127686,115,T,K,input,A
2309,ThermoMPNN,input,2.169032335281372,115,T,L,input,A
2310,ThermoMPNN,input,2.1795849800109863,115,T,M,input,A
2311,ThermoMPNN,input,1.5421535968780518,115,T,N,input,A
2312,ThermoMPNN,input,2.7015380859375,115,T,P,input,A
2313,ThermoMPNN,input,2.131687641143799,115,T,Q,input,A
2314,ThermoMPNN,input,2.1879942417144775,115,T,R,input,A
2315,ThermoMPNN,input,0.7661722898483276,115,T,S,input,A
2316,ThermoMPNN,input,0.0,115,T,T,input,A
2317,ThermoMPNN,input,2.223134756088257,115,T,V,input,A
2318,ThermoMPNN,input,2.1018402576446533,115,T,W,input,A
2319,ThermoMPNN,input,2.1045656204223633,115,T,Y,input,A
2320,ThermoMPNN,input,0.5786299109458923,116,F,A,input,A
2321,ThermoMPNN,input,-0.2611861228942871,116,F,C,input,A
2322,ThermoMPNN,input,1.1442914009094238,116,F,D,input,A
2323,ThermoMPNN,input,1.3888602256774902,116,F,E,input,A
2324,ThermoMPNN,input,0.0,116,F,F,input,A
2325,ThermoMPNN,input,-0.6863065958023071,116,F,G,input,A
2326,ThermoMPNN,input,-0.18257665634155273,116,F,H,input,A
2327,ThermoMPNN,input,1.7487568855285645,116,F,I,input,A
2328,ThermoMPNN,input,-0.18816006183624268,116,F,K,input,A
2329,ThermoMPNN,input,0.32219576835632324,116,F,L,input,A
2330,ThermoMPNN,input,0.31278735399246216,116,F,M,input,A
2331,ThermoMPNN,input,-0.17081177234649658,116,F,N,input,A
2332,ThermoMPNN,input,1.7096045017242432,116,F,P,input,A
2333,ThermoMPNN,input,0.20295649766921997,116,F,Q,input,A
2334,ThermoMPNN,input,-0.0783160924911499,116,F,R,input,A
2335,ThermoMPNN,input,0.613337516784668,116,F,S,input,A
2336,ThermoMPNN,input,1.3555502891540527,116,F,T,input,A
2337,ThermoMPNN,input,1.62398362159729,116,F,V,input,A
2338,ThermoMPNN,input,0.4552709460258484,116,F,W,input,A
2339,ThermoMPNN,input,0.46180570125579834,116,F,Y,input,A
2340,ThermoMPNN,input,0.8830726146697998,117,R,A,input,A
2341,ThermoMPNN,input,0.574617862701416,117,R,C,input,A
2342,ThermoMPNN,input,1.3703685998916626,117,R,D,input,A
2343,ThermoMPNN,input,1.3684837818145752,117,R,E,input,A
2344,ThermoMPNN,input,0.019074440002441406,117,R,F,input,A
2345,ThermoMPNN,input,1.1877683401107788,117,R,G,input,A
2346,ThermoMPNN,input,0.4008694887161255,117,R,H,input,A
2347,ThermoMPNN,input,1.0234384536743164,117,R,I,input,A
2348,ThermoMPNN,input,0.5140838027000427,117,R,K,input,A
2349,ThermoMPNN,input,0.7386177182197571,117,R,L,input,A
2350,ThermoMPNN,input,0.7632502913475037,117,R,M,input,A
2351,ThermoMPNN,input,0.8261197805404663,117,R,N,input,A
2352,ThermoMPNN,input,1.8933441638946533,117,R,P,input,A
2353,ThermoMPNN,input,0.8944057822227478,117,R,Q,input,A
2354,ThermoMPNN,input,0.0,117,R,R,input,A
2355,ThermoMPNN,input,1.1491020917892456,117,R,S,input,A
2356,ThermoMPNN,input,1.0733723640441895,117,R,T,input,A
2357,ThermoMPNN,input,0.8130089640617371,117,R,V,input,A
2358,ThermoMPNN,input,0.17740130424499512,117,R,W,input,A
2359,ThermoMPNN,input,-0.03800082206726074,117,R,Y,input,A
2360,ThermoMPNN,input,1.0349220037460327,118,H,A,input,A
2361,ThermoMPNN,input,0.15310609340667725,118,H,C,input,A
2362,ThermoMPNN,input,1.577348232269287,118,H,D,input,A
2363,ThermoMPNN,input,1.0716444253921509,118,H,E,input,A
2364,ThermoMPNN,input,-0.3189891576766968,118,H,F,input,A
2365,ThermoMPNN,input,1.229846477508545,118,H,G,input,A
2366,ThermoMPNN,input,0.0,118,H,H,input,A
2367,ThermoMPNN,input,0.5044177770614624,118,H,I,input,A
2368,ThermoMPNN,input,0.7577882409095764,118,H,K,input,A
2369,ThermoMPNN,input,0.09441804885864258,118,H,L,input,A
2370,ThermoMPNN,input,0.17864489555358887,118,H,M,input,A
2371,ThermoMPNN,input,0.816162109375,118,H,N,input,A
2372,ThermoMPNN,input,0.7382830381393433,118,H,P,input,A
2373,ThermoMPNN,input,0.7068480253219604,118,H,Q,input,A
2374,ThermoMPNN,input,0.6597609519958496,118,H,R,input,A
2375,ThermoMPNN,input,1.0549747943878174,118,H,S,input,A
2376,ThermoMPNN,input,0.9551402926445007,118,H,T,input,A
2377,ThermoMPNN,input,0.7723147869110107,118,H,V,input,A
2378,ThermoMPNN,input,-0.4038656949996948,118,H,W,input,A
2379,ThermoMPNN,input,-0.7139666080474854,118,H,Y,input,A
2380,ThermoMPNN,input,0.26826560497283936,119,S,A,input,A
2381,ThermoMPNN,input,-0.1441260576248169,119,S,C,input,A
2382,ThermoMPNN,input,2.148792266845703,119,S,D,input,A
2383,ThermoMPNN,input,1.183800458908081,119,S,E,input,A
2384,ThermoMPNN,input,-0.2223193645477295,119,S,F,input,A
2385,ThermoMPNN,input,1.6786608695983887,119,S,G,input,A
2386,ThermoMPNN,input,0.8214157223701477,119,S,H,input,A
2387,ThermoMPNN,input,0.13937485218048096,119,S,I,input,A
2388,ThermoMPNN,input,1.5375572443008423,119,S,K,input,A
2389,ThermoMPNN,input,0.7375161051750183,119,S,L,input,A
2390,ThermoMPNN,input,0.3475474715232849,119,S,M,input,A
2391,ThermoMPNN,input,1.7227922677993774,119,S,N,input,A
2392,ThermoMPNN,input,3.041762351989746,119,S,P,input,A
2393,ThermoMPNN,input,1.1703652143478394,119,S,Q,input,A
2394,ThermoMPNN,input,1.359404444694519,119,S,R,input,A
2395,ThermoMPNN,input,0.0,119,S,S,input,A
2396,ThermoMPNN,input,0.35160064697265625,119,S,T,input,A
2397,ThermoMPNN,input,0.13473868370056152,119,S,V,input,A
2398,ThermoMPNN,input,-0.20571064949035645,119,S,W,input,A
2399,ThermoMPNN,input,-0.1592768430709839,119,S,Y,input,A
2400,ThermoMPNN,input,1.7388062477111816,120,V,A,input,A
2401,ThermoMPNN,input,1.4034637212753296,120,V,C,input,A
2402,ThermoMPNN,input,3.006882667541504,120,V,D,input,A
2403,ThermoMPNN,input,3.2185263633728027,120,V,E,input,A
2404,ThermoMPNN,input,2.1277496814727783,120,V,F,input,A
2405,ThermoMPNN,input,2.982001543045044,120,V,G,input,A
2406,ThermoMPNN,input,2.7781786918640137,120,V,H,input,A
2407,ThermoMPNN,input,0.9889813661575317,120,V,I,input,A
2408,ThermoMPNN,input,2.969151258468628,120,V,K,input,A
2409,ThermoMPNN,input,1.9133005142211914,120,V,L,input,A
2410,ThermoMPNN,input,2.3085455894470215,120,V,M,input,A
2411,ThermoMPNN,input,3.074626922607422,120,V,N,input,A
2412,ThermoMPNN,input,2.2868239879608154,120,V,P,input,A
2413,ThermoMPNN,input,2.902604341506958,120,V,Q,input,A
2414,ThermoMPNN,input,3.064697504043579,120,V,R,input,A
2415,ThermoMPNN,input,2.6296534538269043,120,V,S,input,A
2416,ThermoMPNN,input,1.9833314418792725,120,V,T,input,A
2417,ThermoMPNN,input,0.0,120,V,V,input,A
2418,ThermoMPNN,input,2.6260273456573486,120,V,W,input,A
2419,ThermoMPNN,input,2.490744113922119,120,V,Y,input,A
2420,ThermoMPNN,input,1.931430459022522,121,V,A,input,A
2421,ThermoMPNN,input,1.0629984140396118,121,V,C,input,A
2422,ThermoMPNN,input,2.8640692234039307,121,V,D,input,A
2423,ThermoMPNN,input,2.0236053466796875,121,V,E,input,A
2424,ThermoMPNN,input,0.9389029741287231,121,V,F,input,A
2425,ThermoMPNN,input,3.1450374126434326,121,V,G,input,A
2426,ThermoMPNN,input,1.9495511054992676,121,V,H,input,A
2427,ThermoMPNN,input,0.0648963451385498,121,V,I,input,A
2428,ThermoMPNN,input,2.1931726932525635,121,V,K,input,A
2429,ThermoMPNN,input,1.2287896871566772,121,V,L,input,A
2430,ThermoMPNN,input,1.3996174335479736,121,V,M,input,A
2431,ThermoMPNN,input,2.632765531539917,121,V,N,input,A
2432,ThermoMPNN,input,3.485088348388672,121,V,P,input,A
2433,ThermoMPNN,input,1.9369161128997803,121,V,Q,input,A
2434,ThermoMPNN,input,1.9515511989593506,121,V,R,input,A
2435,ThermoMPNN,input,1.8137669563293457,121,V,S,input,A
2436,ThermoMPNN,input,0.9215483665466309,121,V,T,input,A
2437,ThermoMPNN,input,0.0,121,V,V,input,A
2438,ThermoMPNN,input,0.6883360147476196,121,V,W,input,A
2439,ThermoMPNN,input,0.7257964611053467,121,V,Y,input,A
2440,ThermoMPNN,input,2.3549532890319824,122,V,A,input,A
2441,ThermoMPNN,input,1.4743659496307373,122,V,C,input,A
2442,ThermoMPNN,input,3.477947950363159,122,V,D,input,A
2443,ThermoMPNN,input,3.1669743061065674,122,V,E,input,A
2444,ThermoMPNN,input,2.3501641750335693,122,V,F,input,A
2445,ThermoMPNN,input,3.4890477657318115,122,V,G,input,A
2446,ThermoMPNN,input,3.381758451461792,122,V,H,input,A
2447,ThermoMPNN,input,0.3338468074798584,122,V,I,input,A
2448,ThermoMPNN,input,3.349010944366455,122,V,K,input,A
2449,ThermoMPNN,input,1.3288718461990356,122,V,L,input,A
2450,ThermoMPNN,input,1.7624268531799316,122,V,M,input,A
2451,ThermoMPNN,input,3.554936408996582,122,V,N,input,A
2452,ThermoMPNN,input,3.8466556072235107,122,V,P,input,A
2453,ThermoMPNN,input,2.9509332180023193,122,V,Q,input,A
2454,ThermoMPNN,input,3.4166507720947266,122,V,R,input,A
2455,ThermoMPNN,input,2.9737141132354736,122,V,S,input,A
2456,ThermoMPNN,input,1.9429755210876465,122,V,T,input,A
2457,ThermoMPNN,input,0.0,122,V,V,input,A
2458,ThermoMPNN,input,2.928553819656372,122,V,W,input,A
2459,ThermoMPNN,input,3.015862464904785,122,V,Y,input,A
2460,ThermoMPNN,input,1.210368275642395,123,P,A,input,A
2461,ThermoMPNN,input,0.6155440807342529,123,P,C,input,A
2462,ThermoMPNN,input,1.2344799041748047,123,P,D,input,A
2463,ThermoMPNN,input,1.2545695304870605,123,P,E,input,A
2464,ThermoMPNN,input,0.8221654891967773,123,P,F,input,A
2465,ThermoMPNN,input,1.3971357345581055,123,P,G,input,A
2466,ThermoMPNN,input,1.0630850791931152,123,P,H,input,A
2467,ThermoMPNN,input,1.0862934589385986,123,P,I,input,A
2468,ThermoMPNN,input,1.104978322982788,123,P,K,input,A
2469,ThermoMPNN,input,0.8316718339920044,123,P,L,input,A
2470,ThermoMPNN,input,1.0421638488769531,123,P,M,input,A
2471,ThermoMPNN,input,1.1800377368927002,123,P,N,input,A
2472,ThermoMPNN,input,0.0,123,P,P,input,A
2473,ThermoMPNN,input,1.3018449544906616,123,P,Q,input,A
2474,ThermoMPNN,input,1.0840122699737549,123,P,R,input,A
2475,ThermoMPNN,input,1.285484790802002,123,P,S,input,A
2476,ThermoMPNN,input,1.3547122478485107,123,P,T,input,A
2477,ThermoMPNN,input,1.2307686805725098,123,P,V,input,A
2478,ThermoMPNN,input,0.7293289303779602,123,P,W,input,A
2479,ThermoMPNN,input,0.6726645231246948,123,P,Y,input,A
2480,ThermoMPNN,input,2.5510683059692383,124,Y,A,input,A
2481,ThermoMPNN,input,1.8370671272277832,124,Y,C,input,A
2482,ThermoMPNN,input,2.7802441120147705,124,Y,D,input,A
2483,ThermoMPNN,input,2.8832812309265137,124,Y,E,input,A
2484,ThermoMPNN,input,0.2376699447631836,124,Y,F,input,A
2485,ThermoMPNN,input,2.7537381649017334,124,Y,G,input,A
2486,ThermoMPNN,input,1.9981882572174072,124,Y,H,input,A
2487,ThermoMPNN,input,1.989749550819397,124,Y,I,input,A
2488,ThermoMPNN,input,2.795933246612549,124,Y,K,input,A
2489,ThermoMPNN,input,1.7256345748901367,124,Y,L,input,A
2490,ThermoMPNN,input,1.8500328063964844,124,Y,M,input,A
2491,ThermoMPNN,input,2.731661796569824,124,Y,N,input,A
2492,ThermoMPNN,input,2.6449244022369385,124,Y,P,input,A
2493,ThermoMPNN,input,2.7018418312072754,124,Y,Q,input,A
2494,ThermoMPNN,input,2.5657169818878174,124,Y,R,input,A
2495,ThermoMPNN,input,2.7762999534606934,124,Y,S,input,A
2496,ThermoMPNN,input,2.6905553340911865,124,Y,T,input,A
2497,ThermoMPNN,input,2.192819356918335,124,Y,V,input,A
2498,ThermoMPNN,input,0.38669586181640625,124,Y,W,input,A
2499,ThermoMPNN,input,0.0,124,Y,Y,input,A
2500,ThermoMPNN,input,1.005982756614685,125,E,A,input,A
2501,ThermoMPNN,input,0.4947798252105713,125,E,C,input,A
2502,ThermoMPNN,input,0.7826288938522339,125,E,D,input,A
2503,ThermoMPNN,input,0.0,125,E,E,input,A
2504,ThermoMPNN,input,0.9010130167007446,125,E,F,input,A
2505,ThermoMPNN,input,1.593468189239502,125,E,G,input,A
2506,ThermoMPNN,input,0.8617790937423706,125,E,H,input,A
2507,ThermoMPNN,input,0.5978630185127258,125,E,I,input,A
2508,ThermoMPNN,input,1.0788142681121826,125,E,K,input,A
2509,ThermoMPNN,input,0.7109374403953552,125,E,L,input,A
2510,ThermoMPNN,input,0.836412250995636,125,E,M,input,A
2511,ThermoMPNN,input,1.023856282234192,125,E,N,input,A
2512,ThermoMPNN,input,2.187021017074585,125,E,P,input,A
2513,ThermoMPNN,input,0.5032714605331421,125,E,Q,input,A
2514,ThermoMPNN,input,1.2758491039276123,125,E,R,input,A
2515,ThermoMPNN,input,0.708738386631012,125,E,S,input,A
2516,ThermoMPNN,input,0.2449132204055786,125,E,T,input,A
2517,ThermoMPNN,input,0.40776968002319336,125,E,V,input,A
2518,ThermoMPNN,input,1.036751627922058,125,E,W,input,A
2519,ThermoMPNN,input,0.9422925114631653,125,E,Y,input,A
2520,ThermoMPNN,input,0.3822183609008789,126,P,A,input,A
2521,ThermoMPNN,input,0.6352219581604004,126,P,C,input,A
2522,ThermoMPNN,input,1.203499674797058,126,P,D,input,A
2523,ThermoMPNN,input,0.7612215280532837,126,P,E,input,A
2524,ThermoMPNN,input,1.2029705047607422,126,P,F,input,A
2525,ThermoMPNN,input,1.259765863418579,126,P,G,input,A
2526,ThermoMPNN,input,0.9970413446426392,126,P,H,input,A
2527,ThermoMPNN,input,1.028770089149475,126,P,I,input,A
2528,ThermoMPNN,input,1.067915678024292,126,P,K,input,A
2529,ThermoMPNN,input,0.9739671349525452,126,P,L,input,A
2530,ThermoMPNN,input,0.9932495951652527,126,P,M,input,A
2531,ThermoMPNN,input,1.1230262517929077,126,P,N,input,A
2532,ThermoMPNN,input,0.0,126,P,P,input,A
2533,ThermoMPNN,input,0.9435458779335022,126,P,Q,input,A
2534,ThermoMPNN,input,1.2483588457107544,126,P,R,input,A
2535,ThermoMPNN,input,0.6541953086853027,126,P,S,input,A
2536,ThermoMPNN,input,1.07054603099823,126,P,T,input,A
2537,ThermoMPNN,input,0.9615032076835632,126,P,V,input,A
2538,ThermoMPNN,input,1.1167519092559814,126,P,W,input,A
2539,ThermoMPNN,input,1.0232555866241455,126,P,Y,input,A
2540,ThermoMPNN,input,0.4985870122909546,127,P,A,input,A
2541,ThermoMPNN,input,1.1251068115234375,127,P,C,input,A
2542,ThermoMPNN,input,2.405153274536133,127,P,D,input,A
2543,ThermoMPNN,input,1.8775080442428589,127,P,E,input,A
2544,ThermoMPNN,input,1.8669487237930298,127,P,F,input,A
2545,ThermoMPNN,input,1.8805204629898071,127,P,G,input,A
2546,ThermoMPNN,input,1.8856528997421265,127,P,H,input,A
2547,ThermoMPNN,input,1.8396520614624023,127,P,I,input,A
2548,ThermoMPNN,input,1.7563062906265259,127,P,K,input,A
2549,ThermoMPNN,input,1.9336578845977783,127,P,L,input,A
2550,ThermoMPNN,input,1.6860712766647339,127,P,M,input,A
2551,ThermoMPNN,input,2.030635356903076,127,P,N,input,A
2552,ThermoMPNN,input,0.0,127,P,P,input,A
2553,ThermoMPNN,input,1.7112500667572021,127,P,Q,input,A
2554,ThermoMPNN,input,1.9257813692092896,127,P,R,input,A
2555,ThermoMPNN,input,1.194460153579712,127,P,S,input,A
2556,ThermoMPNN,input,1.621039867401123,127,P,T,input,A
2557,ThermoMPNN,input,1.5722293853759766,127,P,V,input,A
2558,ThermoMPNN,input,2.125214099884033,127,P,W,input,A
2559,ThermoMPNN,input,1.8801472187042236,127,P,Y,input,A
2560,ThermoMPNN,input,-0.1590423583984375,128,E,A,input,A
2561,ThermoMPNN,input,0.07782548666000366,128,E,C,input,A
2562,ThermoMPNN,input,0.4513159692287445,128,E,D,input,A
2563,ThermoMPNN,input,0.0,128,E,E,input,A
2564,ThermoMPNN,input,0.3871808648109436,128,E,F,input,A
2565,ThermoMPNN,input,0.06712949275970459,128,E,G,input,A
2566,ThermoMPNN,input,0.24129599332809448,128,E,H,input,A
2567,ThermoMPNN,input,0.41543489694595337,128,E,I,input,A
2568,ThermoMPNN,input,0.007969498634338379,128,E,K,input,A
2569,ThermoMPNN,input,0.35565054416656494,128,E,L,input,A
2570,ThermoMPNN,input,0.18987232446670532,128,E,M,input,A
2571,ThermoMPNN,input,0.28850632905960083,128,E,N,input,A
2572,ThermoMPNN,input,0.11974227428436279,128,E,P,input,A
2573,ThermoMPNN,input,-0.07481342554092407,128,E,Q,input,A
2574,ThermoMPNN,input,0.1398337483406067,128,E,R,input,A
2575,ThermoMPNN,input,-0.02424389123916626,128,E,S,input,A
2576,ThermoMPNN,input,0.16304105520248413,128,E,T,input,A
2577,ThermoMPNN,input,0.44227513670921326,128,E,V,input,A
2578,ThermoMPNN,input,0.5963242053985596,128,E,W,input,A
2579,ThermoMPNN,input,0.4795713722705841,128,E,Y,input,A
2580,ThermoMPNN,input,-0.21586823463439941,129,V,A,input,A
2581,ThermoMPNN,input,-0.22777974605560303,129,V,C,input,A
2582,ThermoMPNN,input,-0.2617295980453491,129,V,D,input,A
2583,ThermoMPNN,input,-0.25236445665359497,129,V,E,input,A
2584,ThermoMPNN,input,0.048956990242004395,129,V,F,input,A
2585,ThermoMPNN,input,0.1499572992324829,129,V,G,input,A
2586,ThermoMPNN,input,-0.04953986406326294,129,V,H,input,A
2587,ThermoMPNN,input,-0.0277252197265625,129,V,I,input,A
2588,ThermoMPNN,input,-0.004922151565551758,129,V,K,input,A
2589,ThermoMPNN,input,-0.06269431114196777,129,V,L,input,A
2590,ThermoMPNN,input,0.028297066688537598,129,V,M,input,A
2591,ThermoMPNN,input,0.007355868816375732,129,V,N,input,A
2592,ThermoMPNN,input,-0.39867156744003296,129,V,P,input,A
2593,ThermoMPNN,input,-0.10147541761398315,129,V,Q,input,A
2594,ThermoMPNN,input,0.06033599376678467,129,V,R,input,A
2595,ThermoMPNN,input,-0.15754562616348267,129,V,S,input,A
2596,ThermoMPNN,input,0.0109022855758667,129,V,T,input,A
2597,ThermoMPNN,input,0.0,129,V,V,input,A
2598,ThermoMPNN,input,-0.031520187854766846,129,V,W,input,A
2599,ThermoMPNN,input,0.030758142471313477,129,V,Y,input,A
2600,ThermoMPNN,input,0.9764583706855774,130,G,A,input,A
2601,ThermoMPNN,input,0.529814600944519,130,G,C,input,A
2602,ThermoMPNN,input,0.9073060750961304,130,G,D,input,A
2603,ThermoMPNN,input,0.8905180096626282,130,G,E,input,A
2604,ThermoMPNN,input,1.028106451034546,130,G,F,input,A
2605,ThermoMPNN,input,0.0,130,G,G,input,A
2606,ThermoMPNN,input,0.8408602476119995,130,G,H,input,A
2607,ThermoMPNN,input,1.5290718078613281,130,G,I,input,A
2608,ThermoMPNN,input,1.081865906715393,130,G,K,input,A
2609,ThermoMPNN,input,1.0795830488204956,130,G,L,input,A
2610,ThermoMPNN,input,0.9952699542045593,130,G,M,input,A
2611,ThermoMPNN,input,0.7159100770950317,130,G,N,input,A
2612,ThermoMPNN,input,1.4580415487289429,130,G,P,input,A
2613,ThermoMPNN,input,1.05144202709198,130,G,Q,input,A
2614,ThermoMPNN,input,1.031563639640808,130,G,R,input,A
2615,ThermoMPNN,input,1.0444508790969849,130,G,S,input,A
2616,ThermoMPNN,input,1.3041894435882568,130,G,T,input,A
2617,ThermoMPNN,input,1.4941790103912354,130,G,V,input,A
2618,ThermoMPNN,input,1.1459555625915527,130,G,W,input,A
2619,ThermoMPNN,input,1.0159149169921875,130,G,Y,input,A
2620,ThermoMPNN,input,-0.24490076303482056,131,S,A,input,A
2621,ThermoMPNN,input,-0.31054770946502686,131,S,C,input,A
2622,ThermoMPNN,input,0.15558302402496338,131,S,D,input,A
2623,ThermoMPNN,input,-0.2178066372871399,131,S,E,input,A
2624,ThermoMPNN,input,-0.11909312009811401,131,S,F,input,A
2625,ThermoMPNN,input,0.06865781545639038,131,S,G,input,A
2626,ThermoMPNN,input,-0.16136932373046875,131,S,H,input,A
2627,ThermoMPNN,input,0.14482110738754272,131,S,I,input,A
2628,ThermoMPNN,input,-0.14775866270065308,131,S,K,input,A
2629,ThermoMPNN,input,-0.174094557762146,131,S,L,input,A
2630,ThermoMPNN,input,-0.2765676975250244,131,S,M,input,A
2631,ThermoMPNN,input,0.02031618356704712,131,S,N,input,A
2632,ThermoMPNN,input,1.308526873588562,131,S,P,input,A
2633,ThermoMPNN,input,-0.33449578285217285,131,S,Q,input,A
2634,ThermoMPNN,input,-0.0951988697052002,131,S,R,input,A
2635,ThermoMPNN,input,0.0,131,S,S,input,A
2636,ThermoMPNN,input,0.010622978210449219,131,S,T,input,A
2637,ThermoMPNN,input,0.11209547519683838,131,S,V,input,A
2638,ThermoMPNN,input,0.052982211112976074,131,S,W,input,A
2639,ThermoMPNN,input,-0.04459178447723389,131,S,Y,input,A
2640,ThermoMPNN,input,0.30260908603668213,132,D,A,input,A
2641,ThermoMPNN,input,0.010443925857543945,132,D,C,input,A
2642,ThermoMPNN,input,0.0,132,D,D,input,A
2643,ThermoMPNN,input,0.44927918910980225,132,D,E,input,A
2644,ThermoMPNN,input,0.37042009830474854,132,D,F,input,A
2645,ThermoMPNN,input,0.39167171716690063,132,D,G,input,A
2646,ThermoMPNN,input,0.26868128776550293,132,D,H,input,A
2647,ThermoMPNN,input,0.5390781760215759,132,D,I,input,A
2648,ThermoMPNN,input,0.45022010803222656,132,D,K,input,A
2649,ThermoMPNN,input,0.5172327160835266,132,D,L,input,A
2650,ThermoMPNN,input,0.46383142471313477,132,D,M,input,A
2651,ThermoMPNN,input,0.16820412874221802,132,D,N,input,A
2652,ThermoMPNN,input,0.9857887029647827,132,D,P,input,A
2653,ThermoMPNN,input,0.30816787481307983,132,D,Q,input,A
2654,ThermoMPNN,input,0.5415799617767334,132,D,R,input,A
2655,ThermoMPNN,input,0.04526650905609131,132,D,S,input,A
2656,ThermoMPNN,input,0.21235185861587524,132,D,T,input,A
2657,ThermoMPNN,input,0.574726939201355,132,D,V,input,A
2658,ThermoMPNN,input,0.48746830224990845,132,D,W,input,A
2659,ThermoMPNN,input,0.4907747507095337,132,D,Y,input,A
2660,ThermoMPNN,input,-0.18230819702148438,133,C,A,input,A
2661,ThermoMPNN,input,0.0,133,C,C,input,A
2662,ThermoMPNN,input,1.1322658061981201,133,C,D,input,A
2663,ThermoMPNN,input,1.0686389207839966,133,C,E,input,A
2664,ThermoMPNN,input,0.19567900896072388,133,C,F,input,A
2665,ThermoMPNN,input,0.5960582494735718,133,C,G,input,A
2666,ThermoMPNN,input,0.11432874202728271,133,C,H,input,A
2667,ThermoMPNN,input,0.4285486340522766,133,C,I,input,A
2668,ThermoMPNN,input,0.3659798502922058,133,C,K,input,A
2669,ThermoMPNN,input,0.7087249159812927,133,C,L,input,A
2670,ThermoMPNN,input,0.5392054319381714,133,C,M,input,A
2671,ThermoMPNN,input,0.7139337062835693,133,C,N,input,A
2672,ThermoMPNN,input,0.875266969203949,133,C,P,input,A
2673,ThermoMPNN,input,0.3714357018470764,133,C,Q,input,A
2674,ThermoMPNN,input,0.3199044466018677,133,C,R,input,A
2675,ThermoMPNN,input,0.08578360080718994,133,C,S,input,A
2676,ThermoMPNN,input,0.3171499967575073,133,C,T,input,A
2677,ThermoMPNN,input,0.006992459297180176,133,C,V,input,A
2678,ThermoMPNN,input,0.31721293926239014,133,C,W,input,A
2679,ThermoMPNN,input,0.10708481073379517,133,C,Y,input,A
2680,ThermoMPNN,input,1.690889835357666,134,T,A,input,A
2681,ThermoMPNN,input,1.0920336246490479,134,T,C,input,A
2682,ThermoMPNN,input,3.016512393951416,134,T,D,input,A
2683,ThermoMPNN,input,2.5750319957733154,134,T,E,input,A
2684,ThermoMPNN,input,1.340198040008545,134,T,F,input,A
2685,ThermoMPNN,input,2.511072874069214,134,T,G,input,A
2686,ThermoMPNN,input,1.8066933155059814,134,T,H,input,A
2687,ThermoMPNN,input,0.384942889213562,134,T,I,input,A
2688,ThermoMPNN,input,1.3370256423950195,134,T,K,input,A
2689,ThermoMPNN,input,1.444079875946045,134,T,L,input,A
2690,ThermoMPNN,input,1.3356437683105469,134,T,M,input,A
2691,ThermoMPNN,input,2.069566249847412,134,T,N,input,A
2692,ThermoMPNN,input,2.3806228637695312,134,T,P,input,A
2693,ThermoMPNN,input,1.978725552558899,134,T,Q,input,A
2694,ThermoMPNN,input,0.9074103832244873,134,T,R,input,A
2695,ThermoMPNN,input,1.1183345317840576,134,T,S,input,A
2696,ThermoMPNN,input,0.0,134,T,T,input,A
2697,ThermoMPNN,input,0.40877556800842285,134,T,V,input,A
2698,ThermoMPNN,input,1.7920044660568237,134,T,W,input,A
2699,ThermoMPNN,input,1.4512847661972046,134,T,Y,input,A
2700,ThermoMPNN,input,1.1794111728668213,135,T,A,input,A
2701,ThermoMPNN,input,0.29312074184417725,135,T,C,input,A
2702,ThermoMPNN,input,1.800505518913269,135,T,D,input,A
2703,ThermoMPNN,input,0.9066213965415955,135,T,E,input,A
2704,ThermoMPNN,input,0.30533313751220703,135,T,F,input,A
2705,ThermoMPNN,input,2.19058895111084,135,T,G,input,A
2706,ThermoMPNN,input,1.082923173904419,135,T,H,input,A
2707,ThermoMPNN,input,-0.39658236503601074,135,T,I,input,A
2708,ThermoMPNN,input,1.3853693008422852,135,T,K,input,A
2709,ThermoMPNN,input,0.285506010055542,135,T,L,input,A
2710,ThermoMPNN,input,0.4485403299331665,135,T,M,input,A
2711,ThermoMPNN,input,1.599726676940918,135,T,N,input,A
2712,ThermoMPNN,input,1.9412858486175537,135,T,P,input,A
2713,ThermoMPNN,input,1.0441970825195312,135,T,Q,input,A
2714,ThermoMPNN,input,1.222029209136963,135,T,R,input,A
2715,ThermoMPNN,input,0.943199634552002,135,T,S,input,A
2716,ThermoMPNN,input,0.0,135,T,T,input,A
2717,ThermoMPNN,input,-0.3196367025375366,135,T,V,input,A
2718,ThermoMPNN,input,-0.13206958770751953,135,T,W,input,A
2719,ThermoMPNN,input,0.07911908626556396,135,T,Y,input,A
2720,ThermoMPNN,input,2.6052212715148926,136,I,A,input,A
2721,ThermoMPNN,input,1.6317474842071533,136,I,C,input,A
2722,ThermoMPNN,input,3.6255955696105957,136,I,D,input,A
2723,ThermoMPNN,input,3.2022974491119385,136,I,E,input,A
2724,ThermoMPNN,input,1.352540135383606,136,I,F,input,A
2725,ThermoMPNN,input,3.555196523666382,136,I,G,input,A
2726,ThermoMPNN,input,2.5373125076293945,136,I,H,input,A
2727,ThermoMPNN,input,0.0,136,I,I,input,A
2728,ThermoMPNN,input,2.9000372886657715,136,I,K,input,A
2729,ThermoMPNN,input,1.1701363325119019,136,I,L,input,A
2730,ThermoMPNN,input,1.8190433979034424,136,I,M,input,A
2731,ThermoMPNN,input,3.3550968170166016,136,I,N,input,A
2732,ThermoMPNN,input,3.39481258392334,136,I,P,input,A
2733,ThermoMPNN,input,3.028737783432007,136,I,Q,input,A
2734,ThermoMPNN,input,2.9603312015533447,136,I,R,input,A
2735,ThermoMPNN,input,3.027448892593384,136,I,S,input,A
2736,ThermoMPNN,input,2.295973300933838,136,I,T,input,A
2737,ThermoMPNN,input,0.827257513999939,136,I,V,input,A
2738,ThermoMPNN,input,1.6502302885055542,136,I,W,input,A
2739,ThermoMPNN,input,1.4283071756362915,136,I,Y,input,A
2740,ThermoMPNN,input,0.9270539879798889,137,H,A,input,A
2741,ThermoMPNN,input,0.19921588897705078,137,H,C,input,A
2742,ThermoMPNN,input,1.3505477905273438,137,H,D,input,A
2743,ThermoMPNN,input,0.9592032432556152,137,H,E,input,A
2744,ThermoMPNN,input,0.38897740840911865,137,H,F,input,A
2745,ThermoMPNN,input,1.490330696105957,137,H,G,input,A
2746,ThermoMPNN,input,0.0,137,H,H,input,A
2747,ThermoMPNN,input,0.4873392581939697,137,H,I,input,A
2748,ThermoMPNN,input,0.7770187854766846,137,H,K,input,A
2749,ThermoMPNN,input,0.37090545892715454,137,H,L,input,A
2750,ThermoMPNN,input,0.5735371708869934,137,H,M,input,A
2751,ThermoMPNN,input,0.5538808703422546,137,H,N,input,A
2752,ThermoMPNN,input,1.469273328781128,137,H,P,input,A
2753,ThermoMPNN,input,0.692757785320282,137,H,Q,input,A
2754,ThermoMPNN,input,0.7898351550102234,137,H,R,input,A
2755,ThermoMPNN,input,0.8061250448226929,137,H,S,input,A
2756,ThermoMPNN,input,0.7141092419624329,137,H,T,input,A
2757,ThermoMPNN,input,0.5411326885223389,137,H,V,input,A
2758,ThermoMPNN,input,0.23348045349121094,137,H,W,input,A
2759,ThermoMPNN,input,0.0031685829162597656,137,H,Y,input,A
2760,ThermoMPNN,input,1.4814223051071167,138,Y,A,input,A
2761,ThermoMPNN,input,0.5828087329864502,138,Y,C,input,A
2762,ThermoMPNN,input,2.3323519229888916,138,Y,D,input,A
2763,ThermoMPNN,input,1.9839624166488647,138,Y,E,input,A
2764,ThermoMPNN,input,-0.4846949577331543,138,Y,F,input,A
2765,ThermoMPNN,input,1.9377070665359497,138,Y,G,input,A
2766,ThermoMPNN,input,1.4756547212600708,138,Y,H,input,A
2767,ThermoMPNN,input,0.10378408432006836,138,Y,I,input,A
2768,ThermoMPNN,input,1.8021527528762817,138,Y,K,input,A
2769,ThermoMPNN,input,-0.2396169900894165,138,Y,L,input,A
2770,ThermoMPNN,input,0.2071990966796875,138,Y,M,input,A
2771,ThermoMPNN,input,1.998492956161499,138,Y,N,input,A
2772,ThermoMPNN,input,2.059194326400757,138,Y,P,input,A
2773,ThermoMPNN,input,1.671696662902832,138,Y,Q,input,A
2774,ThermoMPNN,input,1.8545148372650146,138,Y,R,input,A
2775,ThermoMPNN,input,1.8322917222976685,138,Y,S,input,A
2776,ThermoMPNN,input,1.4823248386383057,138,Y,T,input,A
2777,ThermoMPNN,input,0.5838823914527893,138,Y,V,input,A
2778,ThermoMPNN,input,0.2853422164916992,138,Y,W,input,A
2779,ThermoMPNN,input,0.0,138,Y,Y,input,A
2780,ThermoMPNN,input,-0.13982582092285156,139,N,A,input,A
2781,ThermoMPNN,input,-0.5217787027359009,139,N,C,input,A
2782,ThermoMPNN,input,0.559454083442688,139,N,D,input,A
2783,ThermoMPNN,input,0.022949010133743286,139,N,E,input,A
2784,ThermoMPNN,input,-0.17632216215133667,139,N,F,input,A
2785,ThermoMPNN,input,0.6335813999176025,139,N,G,input,A
2786,ThermoMPNN,input,-0.15243887901306152,139,N,H,input,A
2787,ThermoMPNN,input,-0.6395653486251831,139,N,I,input,A
2788,ThermoMPNN,input,-0.40428924560546875,139,N,K,input,A
2789,ThermoMPNN,input,-0.1815374493598938,139,N,L,input,A
2790,ThermoMPNN,input,-0.3637584447860718,139,N,M,input,A
2791,ThermoMPNN,input,0.0,139,N,N,input,A
2792,ThermoMPNN,input,1.80315363407135,139,N,P,input,A
2793,ThermoMPNN,input,-0.6091775894165039,139,N,Q,input,A
2794,ThermoMPNN,input,-0.4891930818557739,139,N,R,input,A
2795,ThermoMPNN,input,-0.4708104133605957,139,N,S,input,A
2796,ThermoMPNN,input,-0.7699174880981445,139,N,T,input,A
2797,ThermoMPNN,input,-0.9514645338058472,139,N,V,input,A
2798,ThermoMPNN,input,0.03561863303184509,139,N,W,input,A
2799,ThermoMPNN,input,0.03145703673362732,139,N,Y,input,A
2800,ThermoMPNN,input,2.765933036804199,140,Y,A,input,A
2801,ThermoMPNN,input,2.089228630065918,140,Y,C,input,A
2802,ThermoMPNN,input,3.1877200603485107,140,Y,D,input,A
2803,ThermoMPNN,input,3.026270627975464,140,Y,E,input,A
2804,ThermoMPNN,input,0.6534311771392822,140,Y,F,input,A
2805,ThermoMPNN,input,2.894134044647217,140,Y,G,input,A
2806,ThermoMPNN,input,2.1043179035186768,140,Y,H,input,A
2807,ThermoMPNN,input,2.124419689178467,140,Y,I,input,A
2808,ThermoMPNN,input,2.885909080505371,140,Y,K,input,A
2809,ThermoMPNN,input,2.1063222885131836,140,Y,L,input,A
2810,ThermoMPNN,input,2.242231845855713,140,Y,M,input,A
2811,ThermoMPNN,input,2.876243829727173,140,Y,N,input,A
2812,ThermoMPNN,input,2.80802845954895,140,Y,P,input,A
2813,ThermoMPNN,input,2.894371271133423,140,Y,Q,input,A
2814,ThermoMPNN,input,2.6950457096099854,140,Y,R,input,A
2815,ThermoMPNN,input,2.961879014968872,140,Y,S,input,A
2816,ThermoMPNN,input,2.807086706161499,140,Y,T,input,A
2817,ThermoMPNN,input,2.278798818588257,140,Y,V,input,A
2818,ThermoMPNN,input,0.3674745559692383,140,Y,W,input,A
2819,ThermoMPNN,input,0.0,140,Y,Y,input,A
2820,ThermoMPNN,input,1.1065990924835205,141,M,A,input,A
2821,ThermoMPNN,input,0.3028736114501953,141,M,C,input,A
2822,ThermoMPNN,input,1.3976798057556152,141,M,D,input,A
2823,ThermoMPNN,input,1.1685911417007446,141,M,E,input,A
2824,ThermoMPNN,input,0.48605120182037354,141,M,F,input,A
2825,ThermoMPNN,input,0.8333141803741455,141,M,G,input,A
2826,ThermoMPNN,input,0.965468168258667,141,M,H,input,A
2827,ThermoMPNN,input,1.6596704721450806,141,M,I,input,A
2828,ThermoMPNN,input,1.9096484184265137,141,M,K,input,A
2829,ThermoMPNN,input,0.3200029134750366,141,M,L,input,A
2830,ThermoMPNN,input,0.0,141,M,M,input,A
2831,ThermoMPNN,input,1.2141342163085938,141,M,N,input,A
2832,ThermoMPNN,input,3.142561674118042,141,M,P,input,A
2833,ThermoMPNN,input,0.8868538737297058,141,M,Q,input,A
2834,ThermoMPNN,input,1.7868878841400146,141,M,R,input,A
2835,ThermoMPNN,input,1.6356920003890991,141,M,S,input,A
2836,ThermoMPNN,input,1.7796357870101929,141,M,T,input,A
2837,ThermoMPNN,input,1.464701533317566,141,M,V,input,A
2838,ThermoMPNN,input,1.001076579093933,141,M,W,input,A
2839,ThermoMPNN,input,0.7042162418365479,141,M,Y,input,A
2840,ThermoMPNN,input,-0.006749391555786133,142,C,A,input,A
2841,ThermoMPNN,input,0.0,142,C,C,input,A
2842,ThermoMPNN,input,0.8459195494651794,142,C,D,input,A
2843,ThermoMPNN,input,-0.2113713026046753,142,C,E,input,A
2844,ThermoMPNN,input,0.9235723614692688,142,C,F,input,A
2845,ThermoMPNN,input,0.9856369495391846,142,C,G,input,A
2846,ThermoMPNN,input,0.47820115089416504,142,C,H,input,A
2847,ThermoMPNN,input,0.8553441762924194,142,C,I,input,A
2848,ThermoMPNN,input,1.2791019678115845,142,C,K,input,A
2849,ThermoMPNN,input,0.7761436700820923,142,C,L,input,A
2850,ThermoMPNN,input,0.04680681228637695,142,C,M,input,A
2851,ThermoMPNN,input,0.9149317741394043,142,C,N,input,A
2852,ThermoMPNN,input,1.9233582019805908,142,C,P,input,A
2853,ThermoMPNN,input,-0.1389172077178955,142,C,Q,input,A
2854,ThermoMPNN,input,1.2268717288970947,142,C,R,input,A
2855,ThermoMPNN,input,0.23052936792373657,142,C,S,input,A
2856,ThermoMPNN,input,0.3241615295410156,142,C,T,input,A
2857,ThermoMPNN,input,0.30778199434280396,142,C,V,input,A
2858,ThermoMPNN,input,0.9254939556121826,142,C,W,input,A
2859,ThermoMPNN,input,0.9234025478363037,142,C,Y,input,A
2860,ThermoMPNN,input,0.7850943803787231,143,N,A,input,A
2861,ThermoMPNN,input,-0.40269041061401367,143,N,C,input,A
2862,ThermoMPNN,input,0.5862746238708496,143,N,D,input,A
2863,ThermoMPNN,input,0.45930638909339905,143,N,E,input,A
2864,ThermoMPNN,input,-0.9023895263671875,143,N,F,input,A
2865,ThermoMPNN,input,1.018666386604309,143,N,G,input,A
2866,ThermoMPNN,input,-0.37780678272247314,143,N,H,input,A
2867,ThermoMPNN,input,0.38853687047958374,143,N,I,input,A
2868,ThermoMPNN,input,0.6711559295654297,143,N,K,input,A
2869,ThermoMPNN,input,0.2840862274169922,143,N,L,input,A
2870,ThermoMPNN,input,0.4072663486003876,143,N,M,input,A
2871,ThermoMPNN,input,0.0,143,N,N,input,A
2872,ThermoMPNN,input,1.15244722366333,143,N,P,input,A
2873,ThermoMPNN,input,0.7295594811439514,143,N,Q,input,A
2874,ThermoMPNN,input,0.5175884962081909,143,N,R,input,A
2875,ThermoMPNN,input,0.41924479603767395,143,N,S,input,A
2876,ThermoMPNN,input,0.17494535446166992,143,N,T,input,A
2877,ThermoMPNN,input,0.30195343494415283,143,N,V,input,A
2878,ThermoMPNN,input,-0.5743334293365479,143,N,W,input,A
2879,ThermoMPNN,input,-0.9621752500534058,143,N,Y,input,A
2880,ThermoMPNN,input,1.0404891967773438,144,S,A,input,A
2881,ThermoMPNN,input,0.6639893651008606,144,S,C,input,A
2882,ThermoMPNN,input,0.2630106210708618,144,S,D,input,A
2883,ThermoMPNN,input,0.9063379168510437,144,S,E,input,A
2884,ThermoMPNN,input,1.1635900735855103,144,S,F,input,A
2885,ThermoMPNN,input,1.070115327835083,144,S,G,input,A
2886,ThermoMPNN,input,1.2277958393096924,144,S,H,input,A
2887,ThermoMPNN,input,1.2588329315185547,144,S,I,input,A
2888,ThermoMPNN,input,1.862451195716858,144,S,K,input,A
2889,ThermoMPNN,input,1.4473416805267334,144,S,L,input,A
2890,ThermoMPNN,input,1.1297967433929443,144,S,M,input,A
2891,ThermoMPNN,input,0.7081047892570496,144,S,N,input,A
2892,ThermoMPNN,input,2.167079210281372,144,S,P,input,A
2893,ThermoMPNN,input,1.1402473449707031,144,S,Q,input,A
2894,ThermoMPNN,input,1.7611966133117676,144,S,R,input,A
2895,ThermoMPNN,input,0.0,144,S,S,input,A
2896,ThermoMPNN,input,-0.18194961547851562,144,S,T,input,A
2897,ThermoMPNN,input,1.1925143003463745,144,S,V,input,A
2898,ThermoMPNN,input,0.849846363067627,144,S,W,input,A
2899,ThermoMPNN,input,1.252878189086914,144,S,Y,input,A
2900,ThermoMPNN,input,0.32202017307281494,145,S,A,input,A
2901,ThermoMPNN,input,-0.09566748142242432,145,S,C,input,A
2902,ThermoMPNN,input,-0.3136097192764282,145,S,D,input,A
2903,ThermoMPNN,input,0.3511989712715149,145,S,E,input,A
2904,ThermoMPNN,input,0.4534887671470642,145,S,F,input,A
2905,ThermoMPNN,input,-0.010142207145690918,145,S,G,input,A
2906,ThermoMPNN,input,0.39588063955307007,145,S,H,input,A
2907,ThermoMPNN,input,1.1511260271072388,145,S,I,input,A
2908,ThermoMPNN,input,0.7598618268966675,145,S,K,input,A
2909,ThermoMPNN,input,1.0651671886444092,145,S,L,input,A
2910,ThermoMPNN,input,0.8157957196235657,145,S,M,input,A
2911,ThermoMPNN,input,0.046929121017456055,145,S,N,input,A
2912,ThermoMPNN,input,1.3152352571487427,145,S,P,input,A
2913,ThermoMPNN,input,0.6001587510108948,145,S,Q,input,A
2914,ThermoMPNN,input,0.7382878065109253,145,S,R,input,A
2915,ThermoMPNN,input,0.0,145,S,S,input,A
2916,ThermoMPNN,input,0.3774997591972351,145,S,T,input,A
2917,ThermoMPNN,input,1.0583794116973877,145,S,V,input,A
2918,ThermoMPNN,input,0.23900359869003296,145,S,W,input,A
2919,ThermoMPNN,input,0.449282705783844,145,S,Y,input,A
2920,ThermoMPNN,input,0.0637543797492981,146,C,A,input,A
2921,ThermoMPNN,input,0.0,146,C,C,input,A
2922,ThermoMPNN,input,-0.41700243949890137,146,C,D,input,A
2923,ThermoMPNN,input,0.7221255302429199,146,C,E,input,A
2924,ThermoMPNN,input,0.6509723663330078,146,C,F,input,A
2925,ThermoMPNN,input,0.9699817895889282,146,C,G,input,A
2926,ThermoMPNN,input,0.6041079759597778,146,C,H,input,A
2927,ThermoMPNN,input,0.41525501012802124,146,C,I,input,A
2928,ThermoMPNN,input,1.0126746892929077,146,C,K,input,A
2929,ThermoMPNN,input,0.7345980405807495,146,C,L,input,A
2930,ThermoMPNN,input,0.716199517250061,146,C,M,input,A
2931,ThermoMPNN,input,0.1955796480178833,146,C,N,input,A
2932,ThermoMPNN,input,0.8592009544372559,146,C,P,input,A
2933,ThermoMPNN,input,0.7504522800445557,146,C,Q,input,A
2934,ThermoMPNN,input,0.9813979268074036,146,C,R,input,A
2935,ThermoMPNN,input,-0.3492550849914551,146,C,S,input,A
2936,ThermoMPNN,input,0.6228591799736023,146,C,T,input,A
2937,ThermoMPNN,input,0.46120601892471313,146,C,V,input,A
2938,ThermoMPNN,input,0.4433056116104126,146,C,W,input,A
2939,ThermoMPNN,input,0.6461025476455688,146,C,Y,input,A
2940,ThermoMPNN,input,-0.32103627920150757,147,M,A,input,A
2941,ThermoMPNN,input,-0.2850155830383301,147,M,C,input,A
2942,ThermoMPNN,input,-0.20368307828903198,147,M,D,input,A
2943,ThermoMPNN,input,-0.16445815563201904,147,M,E,input,A
2944,ThermoMPNN,input,-0.06895416975021362,147,M,F,input,A
2945,ThermoMPNN,input,0.022573411464691162,147,M,G,input,A
2946,ThermoMPNN,input,-0.27165597677230835,147,M,H,input,A
2947,ThermoMPNN,input,-0.1282036304473877,147,M,I,input,A
2948,ThermoMPNN,input,-0.22790735960006714,147,M,K,input,A
2949,ThermoMPNN,input,-0.13815152645111084,147,M,L,input,A
2950,ThermoMPNN,input,0.0,147,M,M,input,A
2951,ThermoMPNN,input,-0.23177719116210938,147,M,N,input,A
2952,ThermoMPNN,input,-0.6837805509567261,147,M,P,input,A
2953,ThermoMPNN,input,-0.1647275686264038,147,M,Q,input,A
2954,ThermoMPNN,input,-0.123354971408844,147,M,R,input,A
2955,ThermoMPNN,input,-0.2522802948951721,147,M,S,input,A
2956,ThermoMPNN,input,-0.0371403694152832,147,M,T,input,A
2957,ThermoMPNN,input,-0.0006153583526611328,147,M,V,input,A
2958,ThermoMPNN,input,-0.04090207815170288,147,M,W,input,A
2959,ThermoMPNN,input,-0.17443197965621948,147,M,Y,input,A
2960,ThermoMPNN,input,1.0904461145401,148,G,A,input,A
2961,ThermoMPNN,input,0.6275680065155029,148,G,C,input,A
2962,ThermoMPNN,input,1.1934397220611572,148,G,D,input,A
2963,ThermoMPNN,input,1.157691240310669,148,G,E,input,A
2964,ThermoMPNN,input,0.9708316326141357,148,G,F,input,A
2965,ThermoMPNN,input,0.0,148,G,G,input,A
2966,ThermoMPNN,input,0.9677637815475464,148,G,H,input,A
2967,ThermoMPNN,input,1.5849875211715698,148,G,I,input,A
2968,ThermoMPNN,input,1.2020992040634155,148,G,K,input,A
2969,ThermoMPNN,input,1.3012880086898804,148,G,L,input,A
2970,ThermoMPNN,input,1.1471941471099854,148,G,M,input,A
2971,ThermoMPNN,input,1.0454421043395996,148,G,N,input,A
2972,ThermoMPNN,input,1.7676169872283936,148,G,P,input,A
2973,ThermoMPNN,input,1.1559165716171265,148,G,Q,input,A
2974,ThermoMPNN,input,1.1978400945663452,148,G,R,input,A
2975,ThermoMPNN,input,1.1786739826202393,148,G,S,input,A
2976,ThermoMPNN,input,1.1979036331176758,148,G,T,input,A
2977,ThermoMPNN,input,1.6324857473373413,148,G,V,input,A
2978,ThermoMPNN,input,1.1826661825180054,148,G,W,input,A
2979,ThermoMPNN,input,1.0034664869308472,148,G,Y,input,A
2980,ThermoMPNN,input,1.5016396045684814,149,G,A,input,A
2981,ThermoMPNN,input,1.3130567073822021,149,G,C,input,A
2982,ThermoMPNN,input,2.060063600540161,149,G,D,input,A
2983,ThermoMPNN,input,2.2074036598205566,149,G,E,input,A
2984,ThermoMPNN,input,1.3638386726379395,149,G,F,input,A
2985,ThermoMPNN,input,0.0,149,G,G,input,A
2986,ThermoMPNN,input,1.7221187353134155,149,G,H,input,A
2987,ThermoMPNN,input,1.7320271730422974,149,G,I,input,A
2988,ThermoMPNN,input,1.9460203647613525,149,G,K,input,A
2989,ThermoMPNN,input,1.7135765552520752,149,G,L,input,A
2990,ThermoMPNN,input,1.625452995300293,149,G,M,input,A
2991,ThermoMPNN,input,1.9372661113739014,149,G,N,input,A
2992,ThermoMPNN,input,1.839514136314392,149,G,P,input,A
2993,ThermoMPNN,input,1.9298195838928223,149,G,Q,input,A
2994,ThermoMPNN,input,1.8401325941085815,149,G,R,input,A
2995,ThermoMPNN,input,1.743440866470337,149,G,S,input,A
2996,ThermoMPNN,input,1.891543984413147,149,G,T,input,A
2997,ThermoMPNN,input,1.6597434282302856,149,G,V,input,A
2998,ThermoMPNN,input,1.534200668334961,149,G,W,input,A
2999,ThermoMPNN,input,1.4668588638305664,149,G,Y,input,A
3000,ThermoMPNN,input,0.8993288278579712,150,M,A,input,A
3001,ThermoMPNN,input,0.48212718963623047,150,M,C,input,A
3002,ThermoMPNN,input,1.5834964513778687,150,M,D,input,A
3003,ThermoMPNN,input,1.8492144346237183,150,M,E,input,A
3004,ThermoMPNN,input,0.6209717392921448,150,M,F,input,A
3005,ThermoMPNN,input,1.6525402069091797,150,M,G,input,A
3006,ThermoMPNN,input,1.7068290710449219,150,M,H,input,A
3007,ThermoMPNN,input,0.17001867294311523,150,M,I,input,A
3008,ThermoMPNN,input,1.816401481628418,150,M,K,input,A
3009,ThermoMPNN,input,-0.10054206848144531,150,M,L,input,A
3010,ThermoMPNN,input,0.0,150,M,M,input,A
3011,ThermoMPNN,input,1.625994324684143,150,M,N,input,A
3012,ThermoMPNN,input,1.259311556816101,150,M,P,input,A
3013,ThermoMPNN,input,1.322614073753357,150,M,Q,input,A
3014,ThermoMPNN,input,1.964117407798767,150,M,R,input,A
3015,ThermoMPNN,input,1.1776037216186523,150,M,S,input,A
3016,ThermoMPNN,input,1.1013858318328857,150,M,T,input,A
3017,ThermoMPNN,input,0.5473582744598389,150,M,V,input,A
3018,ThermoMPNN,input,1.244240164756775,150,M,W,input,A
3019,ThermoMPNN,input,1.3007789850234985,150,M,Y,input,A
3020,ThermoMPNN,input,0.6076722145080566,151,N,A,input,A
3021,ThermoMPNN,input,0.3318523168563843,151,N,C,input,A
3022,ThermoMPNN,input,0.41813063621520996,151,N,D,input,A
3023,ThermoMPNN,input,0.5971031785011292,151,N,E,input,A
3024,ThermoMPNN,input,1.2529792785644531,151,N,F,input,A
3025,ThermoMPNN,input,0.35453498363494873,151,N,G,input,A
3026,ThermoMPNN,input,0.6381831765174866,151,N,H,input,A
3027,ThermoMPNN,input,1.8470567464828491,151,N,I,input,A
3028,ThermoMPNN,input,0.8652941584587097,151,N,K,input,A
3029,ThermoMPNN,input,1.3184857368469238,151,N,L,input,A
3030,ThermoMPNN,input,0.9149410724639893,151,N,M,input,A
3031,ThermoMPNN,input,0.0,151,N,N,input,A
3032,ThermoMPNN,input,2.328237533569336,151,N,P,input,A
3033,ThermoMPNN,input,0.6292355060577393,151,N,Q,input,A
3034,ThermoMPNN,input,1.06471848487854,151,N,R,input,A
3035,ThermoMPNN,input,0.4882781505584717,151,N,S,input,A
3036,ThermoMPNN,input,1.1850451231002808,151,N,T,input,A
3037,ThermoMPNN,input,1.662597417831421,151,N,V,input,A
3038,ThermoMPNN,input,1.2018818855285645,151,N,W,input,A
3039,ThermoMPNN,input,1.2477989196777344,151,N,Y,input,A
3040,ThermoMPNN,input,0.07181426882743835,152,R,A,input,A
3041,ThermoMPNN,input,-0.7198585867881775,152,R,C,input,A
3042,ThermoMPNN,input,-0.13613438606262207,152,R,D,input,A
3043,ThermoMPNN,input,0.04940497875213623,152,R,E,input,A
3044,ThermoMPNN,input,-0.1799951195716858,152,R,F,input,A
3045,ThermoMPNN,input,-1.0452439785003662,152,R,G,input,A
3046,ThermoMPNN,input,-0.38315534591674805,152,R,H,input,A
3047,ThermoMPNN,input,0.8267686367034912,152,R,I,input,A
3048,ThermoMPNN,input,-0.10344761610031128,152,R,K,input,A
3049,ThermoMPNN,input,0.048363953828811646,152,R,L,input,A
3050,ThermoMPNN,input,-0.08296084403991699,152,R,M,input,A
3051,ThermoMPNN,input,-0.554456889629364,152,R,N,input,A
3052,ThermoMPNN,input,1.2951176166534424,152,R,P,input,A
3053,ThermoMPNN,input,-0.12852174043655396,152,R,Q,input,A
3054,ThermoMPNN,input,0.0,152,R,R,input,A
3055,ThermoMPNN,input,0.013655006885528564,152,R,S,input,A
3056,ThermoMPNN,input,0.5019025802612305,152,R,T,input,A
3057,ThermoMPNN,input,0.7734358906745911,152,R,V,input,A
3058,ThermoMPNN,input,-0.13544374704360962,152,R,W,input,A
3059,ThermoMPNN,input,-0.12104874849319458,152,R,Y,input,A
3060,ThermoMPNN,input,0.7730458378791809,153,R,A,input,A
3061,ThermoMPNN,input,0.11108767986297607,153,R,C,input,A
3062,ThermoMPNN,input,1.2791099548339844,153,R,D,input,A
3063,ThermoMPNN,input,0.4847126603126526,153,R,E,input,A
3064,ThermoMPNN,input,0.49277544021606445,153,R,F,input,A
3065,ThermoMPNN,input,1.3117709159851074,153,R,G,input,A
3066,ThermoMPNN,input,0.04745602607727051,153,R,H,input,A
3067,ThermoMPNN,input,0.5115594863891602,153,R,I,input,A
3068,ThermoMPNN,input,0.09336352348327637,153,R,K,input,A
3069,ThermoMPNN,input,0.2041468620300293,153,R,L,input,A
3070,ThermoMPNN,input,0.3531111478805542,153,R,M,input,A
3071,ThermoMPNN,input,0.42581647634506226,153,R,N,input,A
3072,ThermoMPNN,input,1.6366188526153564,153,R,P,input,A
3073,ThermoMPNN,input,0.21897774934768677,153,R,Q,input,A
3074,ThermoMPNN,input,0.0,153,R,R,input,A
3075,ThermoMPNN,input,0.9560979604721069,153,R,S,input,A
3076,ThermoMPNN,input,0.8694193959236145,153,R,T,input,A
3077,ThermoMPNN,input,0.44299113750457764,153,R,V,input,A
3078,ThermoMPNN,input,0.44082123041152954,153,R,W,input,A
3079,ThermoMPNN,input,0.2332819104194641,153,R,Y,input,A
3080,ThermoMPNN,input,0.21363329887390137,154,P,A,input,A
3081,ThermoMPNN,input,0.32175159454345703,154,P,C,input,A
3082,ThermoMPNN,input,0.35280829668045044,154,P,D,input,A
3083,ThermoMPNN,input,0.40621477365493774,154,P,E,input,A
3084,ThermoMPNN,input,0.7817242741584778,154,P,F,input,A
3085,ThermoMPNN,input,0.7266092300415039,154,P,G,input,A
3086,ThermoMPNN,input,0.6678263545036316,154,P,H,input,A
3087,ThermoMPNN,input,0.6991899609565735,154,P,I,input,A
3088,ThermoMPNN,input,0.6411053538322449,154,P,K,input,A
3089,ThermoMPNN,input,0.597895622253418,154,P,L,input,A
3090,ThermoMPNN,input,0.6471668481826782,154,P,M,input,A
3091,ThermoMPNN,input,0.6335869431495667,154,P,N,input,A
3092,ThermoMPNN,input,0.0,154,P,P,input,A
3093,ThermoMPNN,input,0.5836092829704285,154,P,Q,input,A
3094,ThermoMPNN,input,0.7287163138389587,154,P,R,input,A
3095,ThermoMPNN,input,0.3545624613761902,154,P,S,input,A
3096,ThermoMPNN,input,0.6558481454849243,154,P,T,input,A
3097,ThermoMPNN,input,0.7226546406745911,154,P,V,input,A
3098,ThermoMPNN,input,0.5598644018173218,154,P,W,input,A
3099,ThermoMPNN,input,0.6481137275695801,154,P,Y,input,A
3100,ThermoMPNN,input,2.301022529602051,155,I,A,input,A
3101,ThermoMPNN,input,1.5958229303359985,155,I,C,input,A
3102,ThermoMPNN,input,3.696136951446533,155,I,D,input,A
3103,ThermoMPNN,input,3.7385027408599854,155,I,E,input,A
3104,ThermoMPNN,input,1.5265734195709229,155,I,F,input,A
3105,ThermoMPNN,input,3.0886120796203613,155,I,G,input,A
3106,ThermoMPNN,input,3.417306423187256,155,I,H,input,A
3107,ThermoMPNN,input,0.0,155,I,I,input,A
3108,ThermoMPNN,input,3.382251024246216,155,I,K,input,A
3109,ThermoMPNN,input,1.109817385673523,155,I,L,input,A
3110,ThermoMPNN,input,1.374884843826294,155,I,M,input,A
3111,ThermoMPNN,input,3.507007360458374,155,I,N,input,A
3112,ThermoMPNN,input,3.085270881652832,155,I,P,input,A
3113,ThermoMPNN,input,3.2794110774993896,155,I,Q,input,A
3114,ThermoMPNN,input,3.389535665512085,155,I,R,input,A
3115,ThermoMPNN,input,3.0557053089141846,155,I,S,input,A
3116,ThermoMPNN,input,2.5156123638153076,155,I,T,input,A
3117,ThermoMPNN,input,0.3897976875305176,155,I,V,input,A
3118,ThermoMPNN,input,2.5657007694244385,155,I,W,input,A
3119,ThermoMPNN,input,2.5607998371124268,155,I,Y,input,A
3120,ThermoMPNN,input,1.604245662689209,156,L,A,input,A
3121,ThermoMPNN,input,0.5648840665817261,156,L,C,input,A
3122,ThermoMPNN,input,3.0798377990722656,156,L,D,input,A
3123,ThermoMPNN,input,2.1307106018066406,156,L,E,input,A
3124,ThermoMPNN,input,0.6106705665588379,156,L,F,input,A
3125,ThermoMPNN,input,2.838608741760254,156,L,G,input,A
3126,ThermoMPNN,input,1.3570706844329834,156,L,H,input,A
3127,ThermoMPNN,input,-0.46107232570648193,156,L,I,input,A
3128,ThermoMPNN,input,1.0832204818725586,156,L,K,input,A
3129,ThermoMPNN,input,0.0,156,L,L,input,A
3130,ThermoMPNN,input,0.4341142177581787,156,L,M,input,A
3131,ThermoMPNN,input,2.054805040359497,156,L,N,input,A
3132,ThermoMPNN,input,3.326188564300537,156,L,P,input,A
3133,ThermoMPNN,input,1.3771569728851318,156,L,Q,input,A
3134,ThermoMPNN,input,0.840175211429596,156,L,R,input,A
3135,ThermoMPNN,input,1.6346532106399536,156,L,S,input,A
3136,ThermoMPNN,input,0.7580469250679016,156,L,T,input,A
3137,ThermoMPNN,input,-0.2781975269317627,156,L,V,input,A
3138,ThermoMPNN,input,0.7048687934875488,156,L,W,input,A
3139,ThermoMPNN,input,0.6087894439697266,156,L,Y,input,A
3140,ThermoMPNN,input,0.5457492470741272,157,T,A,input,A
3141,ThermoMPNN,input,-0.20426523685455322,157,T,C,input,A
3142,ThermoMPNN,input,2.5262134075164795,157,T,D,input,A
3143,ThermoMPNN,input,2.3381805419921875,157,T,E,input,A
3144,ThermoMPNN,input,0.5232587456703186,157,T,F,input,A
3145,ThermoMPNN,input,1.8086812496185303,157,T,G,input,A
3146,ThermoMPNN,input,1.7036159038543701,157,T,H,input,A
3147,ThermoMPNN,input,-1.288975715637207,157,T,I,input,A
3148,ThermoMPNN,input,1.877509593963623,157,T,K,input,A
3149,ThermoMPNN,input,-0.3079683780670166,157,T,L,input,A
3150,ThermoMPNN,input,0.19242584705352783,157,T,M,input,A
3151,ThermoMPNN,input,2.0306499004364014,157,T,N,input,A
3152,ThermoMPNN,input,2.107853412628174,157,T,P,input,A
3153,ThermoMPNN,input,1.8060846328735352,157,T,Q,input,A
3154,ThermoMPNN,input,1.8347740173339844,157,T,R,input,A
3155,ThermoMPNN,input,1.052445411682129,157,T,S,input,A
3156,ThermoMPNN,input,0.0,157,T,T,input,A
3157,ThermoMPNN,input,-1.192291259765625,157,T,V,input,A
3158,ThermoMPNN,input,0.8343085646629333,157,T,W,input,A
3159,ThermoMPNN,input,0.7541365623474121,157,T,Y,input,A
3160,ThermoMPNN,input,1.9988789558410645,158,I,A,input,A
3161,ThermoMPNN,input,1.1590300798416138,158,I,C,input,A
3162,ThermoMPNN,input,2.5216176509857178,158,I,D,input,A
3163,ThermoMPNN,input,2.567211627960205,158,I,E,input,A
3164,ThermoMPNN,input,1.233115315437317,158,I,F,input,A
3165,ThermoMPNN,input,2.568866491317749,158,I,G,input,A
3166,ThermoMPNN,input,2.1131162643432617,158,I,H,input,A
3167,ThermoMPNN,input,0.0,158,I,I,input,A
3168,ThermoMPNN,input,2.484421968460083,158,I,K,input,A
3169,ThermoMPNN,input,0.9693810939788818,158,I,L,input,A
3170,ThermoMPNN,input,1.3593780994415283,158,I,M,input,A
3171,ThermoMPNN,input,2.3834643363952637,158,I,N,input,A
3172,ThermoMPNN,input,2.6656384468078613,158,I,P,input,A
3173,ThermoMPNN,input,2.4268252849578857,158,I,Q,input,A
3174,ThermoMPNN,input,2.5069973468780518,158,I,R,input,A
3175,ThermoMPNN,input,2.2219479084014893,158,I,S,input,A
3176,ThermoMPNN,input,1.883492350578308,158,I,T,input,A
3177,ThermoMPNN,input,0.4008474349975586,158,I,V,input,A
3178,ThermoMPNN,input,1.4882886409759521,158,I,W,input,A
3179,ThermoMPNN,input,1.4956398010253906,158,I,Y,input,A
3180,ThermoMPNN,input,3.1534523963928223,159,I,A,input,A
3181,ThermoMPNN,input,2.005492925643921,159,I,C,input,A
3182,ThermoMPNN,input,4.759434223175049,159,I,D,input,A
3183,ThermoMPNN,input,4.240326881408691,159,I,E,input,A
3184,ThermoMPNN,input,1.818238377571106,159,I,F,input,A
3185,ThermoMPNN,input,4.322640419006348,159,I,G,input,A
3186,ThermoMPNN,input,3.380405902862549,159,I,H,input,A
3187,ThermoMPNN,input,0.0,159,I,I,input,A
3188,ThermoMPNN,input,3.60141658782959,159,I,K,input,A
3189,ThermoMPNN,input,1.2070069313049316,159,I,L,input,A
3190,ThermoMPNN,input,1.772077202796936,159,I,M,input,A
3191,ThermoMPNN,input,4.261667251586914,159,I,N,input,A
3192,ThermoMPNN,input,4.019136428833008,159,I,P,input,A
3193,ThermoMPNN,input,3.7558279037475586,159,I,Q,input,A
3194,ThermoMPNN,input,3.574507713317871,159,I,R,input,A
3195,ThermoMPNN,input,3.8727633953094482,159,I,S,input,A
3196,ThermoMPNN,input,3.136850357055664,159,I,T,input,A
3197,ThermoMPNN,input,1.0513880252838135,159,I,V,input,A
3198,ThermoMPNN,input,2.128511905670166,159,I,W,input,A
3199,ThermoMPNN,input,2.168102502822876,159,I,Y,input,A
3200,ThermoMPNN,input,0.591988205909729,160,T,A,input,A
3201,ThermoMPNN,input,-0.04466748237609863,160,T,C,input,A
3202,ThermoMPNN,input,1.3200620412826538,160,T,D,input,A
3203,ThermoMPNN,input,0.31356143951416016,160,T,E,input,A
3204,ThermoMPNN,input,0.23910683393478394,160,T,F,input,A
3205,ThermoMPNN,input,2.0631091594696045,160,T,G,input,A
3206,ThermoMPNN,input,0.9659019112586975,160,T,H,input,A
3207,ThermoMPNN,input,-0.7917553186416626,160,T,I,input,A
3208,ThermoMPNN,input,1.1897640228271484,160,T,K,input,A
3209,ThermoMPNN,input,-0.3402726650238037,160,T,L,input,A
3210,ThermoMPNN,input,-0.2607603073120117,160,T,M,input,A
3211,ThermoMPNN,input,1.476975440979004,160,T,N,input,A
3212,ThermoMPNN,input,2.90673828125,160,T,P,input,A
3213,ThermoMPNN,input,0.49249976873397827,160,T,Q,input,A
3214,ThermoMPNN,input,0.9538120031356812,160,T,R,input,A
3215,ThermoMPNN,input,0.8311299681663513,160,T,S,input,A
3216,ThermoMPNN,input,0.0,160,T,T,input,A
3217,ThermoMPNN,input,-0.9428106546401978,160,T,V,input,A
3218,ThermoMPNN,input,-0.00738680362701416,160,T,W,input,A
3219,ThermoMPNN,input,0.08663666248321533,160,T,Y,input,A
3220,ThermoMPNN,input,3.2676608562469482,161,L,A,input,A
3221,ThermoMPNN,input,2.1751632690429688,161,L,C,input,A
3222,ThermoMPNN,input,3.9822325706481934,161,L,D,input,A
3223,ThermoMPNN,input,3.8681888580322266,161,L,E,input,A
3224,ThermoMPNN,input,2.190534830093384,161,L,F,input,A
3225,ThermoMPNN,input,3.9007363319396973,161,L,G,input,A
3226,ThermoMPNN,input,4.014271259307861,161,L,H,input,A
3227,ThermoMPNN,input,1.1015856266021729,161,L,I,input,A
3228,ThermoMPNN,input,4.108459949493408,161,L,K,input,A
3229,ThermoMPNN,input,0.0,161,L,L,input,A
3230,ThermoMPNN,input,1.5035761594772339,161,L,M,input,A
3231,ThermoMPNN,input,3.984079599380493,161,L,N,input,A
3232,ThermoMPNN,input,3.7914085388183594,161,L,P,input,A
3233,ThermoMPNN,input,3.9223179817199707,161,L,Q,input,A
3234,ThermoMPNN,input,4.278576374053955,161,L,R,input,A
3235,ThermoMPNN,input,3.9435079097747803,161,L,S,input,A
3236,ThermoMPNN,input,3.563920021057129,161,L,T,input,A
3237,ThermoMPNN,input,1.5703709125518799,161,L,V,input,A
3238,ThermoMPNN,input,3.168874502182007,161,L,W,input,A
3239,ThermoMPNN,input,3.251523017883301,161,L,Y,input,A
3240,ThermoMPNN,input,1.6530083417892456,162,E,A,input,A
3241,ThermoMPNN,input,0.7998683452606201,162,E,C,input,A
3242,ThermoMPNN,input,2.2630836963653564,162,E,D,input,A
3243,ThermoMPNN,input,0.0,162,E,E,input,A
3244,ThermoMPNN,input,1.2272312641143799,162,E,F,input,A
3245,ThermoMPNN,input,2.7469542026519775,162,E,G,input,A
3246,ThermoMPNN,input,1.8169320821762085,162,E,H,input,A
3247,ThermoMPNN,input,0.8257511854171753,162,E,I,input,A
3248,ThermoMPNN,input,2.366840362548828,162,E,K,input,A
3249,ThermoMPNN,input,1.3334041833877563,162,E,L,input,A
3250,ThermoMPNN,input,0.9212141036987305,162,E,M,input,A
3251,ThermoMPNN,input,2.5263736248016357,162,E,N,input,A
3252,ThermoMPNN,input,4.116722106933594,162,E,P,input,A
3253,ThermoMPNN,input,0.8102763891220093,162,E,Q,input,A
3254,ThermoMPNN,input,2.476276397705078,162,E,R,input,A
3255,ThermoMPNN,input,1.7504527568817139,162,E,S,input,A
3256,ThermoMPNN,input,0.8887758255004883,162,E,T,input,A
3257,ThermoMPNN,input,0.4665718078613281,162,E,V,input,A
3258,ThermoMPNN,input,1.7340909242630005,162,E,W,input,A
3259,ThermoMPNN,input,1.3138097524642944,162,E,Y,input,A
3260,ThermoMPNN,input,2.623645782470703,163,D,A,input,A
3261,ThermoMPNN,input,1.725509762763977,163,D,C,input,A
3262,ThermoMPNN,input,0.0,163,D,D,input,A
3263,ThermoMPNN,input,2.4014272689819336,163,D,E,input,A
3264,ThermoMPNN,input,2.5554449558258057,163,D,F,input,A
3265,ThermoMPNN,input,2.084165573120117,163,D,G,input,A
3266,ThermoMPNN,input,2.517716646194458,163,D,H,input,A
3267,ThermoMPNN,input,3.3198506832122803,163,D,I,input,A
3268,ThermoMPNN,input,2.9528627395629883,163,D,K,input,A
3269,ThermoMPNN,input,2.8972058296203613,163,D,L,input,A
3270,ThermoMPNN,input,2.770327091217041,163,D,M,input,A
3271,ThermoMPNN,input,1.1650984287261963,163,D,N,input,A
3272,ThermoMPNN,input,3.712043523788452,163,D,P,input,A
3273,ThermoMPNN,input,2.5944674015045166,163,D,Q,input,A
3274,ThermoMPNN,input,2.902266025543213,163,D,R,input,A
3275,ThermoMPNN,input,1.6944732666015625,163,D,S,input,A
3276,ThermoMPNN,input,2.3809967041015625,163,D,T,input,A
3277,ThermoMPNN,input,3.3521974086761475,163,D,V,input,A
3278,ThermoMPNN,input,2.5645060539245605,163,D,W,input,A
3279,ThermoMPNN,input,2.9824748039245605,163,D,Y,input,A
3280,ThermoMPNN,input,-0.10554349422454834,164,S,A,input,A
3281,ThermoMPNN,input,0.26722824573516846,164,S,C,input,A
3282,ThermoMPNN,input,0.6990368366241455,164,S,D,input,A
3283,ThermoMPNN,input,0.30265218019485474,164,S,E,input,A
3284,ThermoMPNN,input,0.8097010850906372,164,S,F,input,A
3285,ThermoMPNN,input,0.44302845001220703,164,S,G,input,A
3286,ThermoMPNN,input,0.5236838459968567,164,S,H,input,A
3287,ThermoMPNN,input,0.689232587814331,164,S,I,input,A
3288,ThermoMPNN,input,0.3445620536804199,164,S,K,input,A
3289,ThermoMPNN,input,0.728237509727478,164,S,L,input,A
3290,ThermoMPNN,input,0.6465086936950684,164,S,M,input,A
3291,ThermoMPNN,input,0.5805366039276123,164,S,N,input,A
3292,ThermoMPNN,input,0.17635607719421387,164,S,P,input,A
3293,ThermoMPNN,input,0.31924933195114136,164,S,Q,input,A
3294,ThermoMPNN,input,0.4399082064628601,164,S,R,input,A
3295,ThermoMPNN,input,0.0,164,S,S,input,A
3296,ThermoMPNN,input,0.46943551301956177,164,S,T,input,A
3297,ThermoMPNN,input,0.5644594430923462,164,S,V,input,A
3298,ThermoMPNN,input,0.7612118124961853,164,S,W,input,A
3299,ThermoMPNN,input,0.7352145910263062,164,S,Y,input,A
3300,ThermoMPNN,input,0.019288718700408936,165,S,A,input,A
3301,ThermoMPNN,input,-0.5117568969726562,165,S,C,input,A
3302,ThermoMPNN,input,0.05392879247665405,165,S,D,input,A
3303,ThermoMPNN,input,-0.08600872755050659,165,S,E,input,A
3304,ThermoMPNN,input,-0.1429370641708374,165,S,F,input,A
3305,ThermoMPNN,input,0.34388116002082825,165,S,G,input,A
3306,ThermoMPNN,input,-0.33306097984313965,165,S,H,input,A
3307,ThermoMPNN,input,0.48277631402015686,165,S,I,input,A
3308,ThermoMPNN,input,-0.12579554319381714,165,S,K,input,A
3309,ThermoMPNN,input,-0.11337918043136597,165,S,L,input,A
3310,ThermoMPNN,input,-0.12079483270645142,165,S,M,input,A
3311,ThermoMPNN,input,-0.4408891201019287,165,S,N,input,A
3312,ThermoMPNN,input,2.4544460773468018,165,S,P,input,A
3313,ThermoMPNN,input,-0.24617767333984375,165,S,Q,input,A
3314,ThermoMPNN,input,-0.09669041633605957,165,S,R,input,A
3315,ThermoMPNN,input,0.0,165,S,S,input,A
3316,ThermoMPNN,input,0.06314235925674438,165,S,T,input,A
3317,ThermoMPNN,input,0.38015156984329224,165,S,V,input,A
3318,ThermoMPNN,input,-0.07874494791030884,165,S,W,input,A
3319,ThermoMPNN,input,-0.15699338912963867,165,S,Y,input,A
3320,ThermoMPNN,input,1.604691743850708,166,G,A,input,A
3321,ThermoMPNN,input,0.8704236745834351,166,G,C,input,A
3322,ThermoMPNN,input,1.2836936712265015,166,G,D,input,A
3323,ThermoMPNN,input,1.6275668144226074,166,G,E,input,A
3324,ThermoMPNN,input,1.4431419372558594,166,G,F,input,A
3325,ThermoMPNN,input,0.0,166,G,G,input,A
3326,ThermoMPNN,input,1.464593529701233,166,G,H,input,A
3327,ThermoMPNN,input,2.0861644744873047,166,G,I,input,A
3328,ThermoMPNN,input,1.7348675727844238,166,G,K,input,A
3329,ThermoMPNN,input,1.6471011638641357,166,G,L,input,A
3330,ThermoMPNN,input,1.525232195854187,166,G,M,input,A
3331,ThermoMPNN,input,1.1895592212677002,166,G,N,input,A
3332,ThermoMPNN,input,2.3638052940368652,166,G,P,input,A
3333,ThermoMPNN,input,1.6199517250061035,166,G,Q,input,A
3334,ThermoMPNN,input,1.7921373844146729,166,G,R,input,A
3335,ThermoMPNN,input,1.51151442527771,166,G,S,input,A
3336,ThermoMPNN,input,1.8657037019729614,166,G,T,input,A
3337,ThermoMPNN,input,2.065255880355835,166,G,V,input,A
3338,ThermoMPNN,input,1.525171160697937,166,G,W,input,A
3339,ThermoMPNN,input,1.5657418966293335,166,G,Y,input,A
3340,ThermoMPNN,input,0.1723349690437317,167,N,A,input,A
3341,ThermoMPNN,input,0.03516662120819092,167,N,C,input,A
3342,ThermoMPNN,input,0.6859596967697144,167,N,D,input,A
3343,ThermoMPNN,input,0.49944591522216797,167,N,E,input,A
3344,ThermoMPNN,input,0.4534747004508972,167,N,F,input,A
3345,ThermoMPNN,input,0.7874460220336914,167,N,G,input,A
3346,ThermoMPNN,input,0.13766682147979736,167,N,H,input,A
3347,ThermoMPNN,input,0.35441190004348755,167,N,I,input,A
3348,ThermoMPNN,input,-0.1619356870651245,167,N,K,input,A
3349,ThermoMPNN,input,0.27165889739990234,167,N,L,input,A
3350,ThermoMPNN,input,0.17604750394821167,167,N,M,input,A
3351,ThermoMPNN,input,0.0,167,N,N,input,A
3352,ThermoMPNN,input,3.001192569732666,167,N,P,input,A
3353,ThermoMPNN,input,0.04888474941253662,167,N,Q,input,A
3354,ThermoMPNN,input,-0.2666041851043701,167,N,R,input,A
3355,ThermoMPNN,input,0.28754740953445435,167,N,S,input,A
3356,ThermoMPNN,input,0.34765923023223877,167,N,T,input,A
3357,ThermoMPNN,input,0.25340473651885986,167,N,V,input,A
3358,ThermoMPNN,input,0.5851066708564758,167,N,W,input,A
3359,ThermoMPNN,input,0.4189751148223877,167,N,Y,input,A
3360,ThermoMPNN,input,1.4127963781356812,168,L,A,input,A
3361,ThermoMPNN,input,0.7765848636627197,168,L,C,input,A
3362,ThermoMPNN,input,1.526893138885498,168,L,D,input,A
3363,ThermoMPNN,input,1.369864821434021,168,L,E,input,A
3364,ThermoMPNN,input,0.7923416495323181,168,L,F,input,A
3365,ThermoMPNN,input,2.007272958755493,168,L,G,input,A
3366,ThermoMPNN,input,1.6076936721801758,168,L,H,input,A
3367,ThermoMPNN,input,0.09113466739654541,168,L,I,input,A
3368,ThermoMPNN,input,1.5745601654052734,168,L,K,input,A
3369,ThermoMPNN,input,0.0,168,L,L,input,A
3370,ThermoMPNN,input,0.6370804309844971,168,L,M,input,A
3371,ThermoMPNN,input,1.79236900806427,168,L,N,input,A
3372,ThermoMPNN,input,1.156623125076294,168,L,P,input,A
3373,ThermoMPNN,input,1.5178484916687012,168,L,Q,input,A
3374,ThermoMPNN,input,1.7022613286972046,168,L,R,input,A
3375,ThermoMPNN,input,1.601493239402771,168,L,S,input,A
3376,ThermoMPNN,input,1.1917991638183594,168,L,T,input,A
3377,ThermoMPNN,input,0.3361198902130127,168,L,V,input,A
3378,ThermoMPNN,input,1.0833699703216553,168,L,W,input,A
3379,ThermoMPNN,input,1.2271881103515625,168,L,Y,input,A
3380,ThermoMPNN,input,2.3063254356384277,169,L,A,input,A
3381,ThermoMPNN,input,1.599144697189331,169,L,C,input,A
3382,ThermoMPNN,input,2.62387752532959,169,L,D,input,A
3383,ThermoMPNN,input,2.5631325244903564,169,L,E,input,A
3384,ThermoMPNN,input,1.8493696451187134,169,L,F,input,A
3385,ThermoMPNN,input,3.23664927482605,169,L,G,input,A
3386,ThermoMPNN,input,2.5407917499542236,169,L,H,input,A
3387,ThermoMPNN,input,1.0641093254089355,169,L,I,input,A
3388,ThermoMPNN,input,2.25347900390625,169,L,K,input,A
3389,ThermoMPNN,input,0.0,169,L,L,input,A
3390,ThermoMPNN,input,0.958748459815979,169,L,M,input,A
3391,ThermoMPNN,input,2.694495677947998,169,L,N,input,A
3392,ThermoMPNN,input,2.9529573917388916,169,L,P,input,A
3393,ThermoMPNN,input,2.217660427093506,169,L,Q,input,A
3394,ThermoMPNN,input,2.3358664512634277,169,L,R,input,A
3395,ThermoMPNN,input,2.567979574203491,169,L,S,input,A
3396,ThermoMPNN,input,2.3624989986419678,169,L,T,input,A
3397,ThermoMPNN,input,1.5625805854797363,169,L,V,input,A
3398,ThermoMPNN,input,1.9634978771209717,169,L,W,input,A
3399,ThermoMPNN,input,2.183570146560669,169,L,Y,input,A
3400,ThermoMPNN,input,1.3094433546066284,170,G,A,input,A
3401,ThermoMPNN,input,1.518061637878418,170,G,C,input,A
3402,ThermoMPNN,input,2.4471826553344727,170,G,D,input,A
3403,ThermoMPNN,input,2.5942893028259277,170,G,E,input,A
3404,ThermoMPNN,input,1.400552749633789,170,G,F,input,A
3405,ThermoMPNN,input,0.0,170,G,G,input,A
3406,ThermoMPNN,input,2.1160035133361816,170,G,H,input,A
3407,ThermoMPNN,input,1.8166167736053467,170,G,I,input,A
3408,ThermoMPNN,input,2.334458827972412,170,G,K,input,A
3409,ThermoMPNN,input,2.0699141025543213,170,G,L,input,A
3410,ThermoMPNN,input,1.8453158140182495,170,G,M,input,A
3411,ThermoMPNN,input,2.384427070617676,170,G,N,input,A
3412,ThermoMPNN,input,2.0267817974090576,170,G,P,input,A
3413,ThermoMPNN,input,2.3153350353240967,170,G,Q,input,A
3414,ThermoMPNN,input,2.0475876331329346,170,G,R,input,A
3415,ThermoMPNN,input,1.7926251888275146,170,G,S,input,A
3416,ThermoMPNN,input,1.9488065242767334,170,G,T,input,A
3417,ThermoMPNN,input,1.7645847797393799,170,G,V,input,A
3418,ThermoMPNN,input,1.478384256362915,170,G,W,input,A
3419,ThermoMPNN,input,1.5055274963378906,170,G,Y,input,A
3420,ThermoMPNN,input,1.5041083097457886,171,R,A,input,A
3421,ThermoMPNN,input,1.0951931476593018,171,R,C,input,A
3422,ThermoMPNN,input,2.8959460258483887,171,R,D,input,A
3423,ThermoMPNN,input,1.994309902191162,171,R,E,input,A
3424,ThermoMPNN,input,0.6659027338027954,171,R,F,input,A
3425,ThermoMPNN,input,2.267200231552124,171,R,G,input,A
3426,ThermoMPNN,input,1.6854432821273804,171,R,H,input,A
3427,ThermoMPNN,input,0.3870197534561157,171,R,I,input,A
3428,ThermoMPNN,input,0.5368068218231201,171,R,K,input,A
3429,ThermoMPNN,input,0.5199345350265503,171,R,L,input,A
3430,ThermoMPNN,input,0.5198159217834473,171,R,M,input,A
3431,ThermoMPNN,input,2.224637031555176,171,R,N,input,A
3432,ThermoMPNN,input,1.9326375722885132,171,R,P,input,A
3433,ThermoMPNN,input,1.195922613143921,171,R,Q,input,A
3434,ThermoMPNN,input,0.0,171,R,R,input,A
3435,ThermoMPNN,input,1.5121153593063354,171,R,S,input,A
3436,ThermoMPNN,input,0.9407185316085815,171,R,T,input,A
3437,ThermoMPNN,input,0.4982243776321411,171,R,V,input,A
3438,ThermoMPNN,input,0.9500909447669983,171,R,W,input,A
3439,ThermoMPNN,input,1.0580912828445435,171,R,Y,input,A
3440,ThermoMPNN,input,0.4269556403160095,172,N,A,input,A
3441,ThermoMPNN,input,-0.29371702671051025,172,N,C,input,A
3442,ThermoMPNN,input,-0.1369534730911255,172,N,D,input,A
3443,ThermoMPNN,input,0.5860143303871155,172,N,E,input,A
3444,ThermoMPNN,input,0.5434224009513855,172,N,F,input,A
3445,ThermoMPNN,input,0.22984284162521362,172,N,G,input,A
3446,ThermoMPNN,input,0.46692633628845215,172,N,H,input,A
3447,ThermoMPNN,input,1.0831116437911987,172,N,I,input,A
3448,ThermoMPNN,input,0.9569429159164429,172,N,K,input,A
3449,ThermoMPNN,input,0.44571155309677124,172,N,L,input,A
3450,ThermoMPNN,input,0.2369692325592041,172,N,M,input,A
3451,ThermoMPNN,input,0.0,172,N,N,input,A
3452,ThermoMPNN,input,2.9124295711517334,172,N,P,input,A
3453,ThermoMPNN,input,0.20225155353546143,172,N,Q,input,A
3454,ThermoMPNN,input,1.0746824741363525,172,N,R,input,A
3455,ThermoMPNN,input,0.1601836085319519,172,N,S,input,A
3456,ThermoMPNN,input,0.893073558807373,172,N,T,input,A
3457,ThermoMPNN,input,0.7455779314041138,172,N,V,input,A
3458,ThermoMPNN,input,0.13875722885131836,172,N,W,input,A
3459,ThermoMPNN,input,0.7416052222251892,172,N,Y,input,A
3460,ThermoMPNN,input,0.23041409254074097,173,S,A,input,A
3461,ThermoMPNN,input,-0.45379579067230225,173,S,C,input,A
3462,ThermoMPNN,input,1.9476900100708008,173,S,D,input,A
3463,ThermoMPNN,input,0.3336308002471924,173,S,E,input,A
3464,ThermoMPNN,input,-0.6858465671539307,173,S,F,input,A
3465,ThermoMPNN,input,1.1899809837341309,173,S,G,input,A
3466,ThermoMPNN,input,0.01061159372329712,173,S,H,input,A
3467,ThermoMPNN,input,-0.23199760913848877,173,S,I,input,A
3468,ThermoMPNN,input,0.05958819389343262,173,S,K,input,A
3469,ThermoMPNN,input,0.2682586908340454,173,S,L,input,A
3470,ThermoMPNN,input,-0.2595440149307251,173,S,M,input,A
3471,ThermoMPNN,input,1.1068501472473145,173,S,N,input,A
3472,ThermoMPNN,input,1.3457000255584717,173,S,P,input,A
3473,ThermoMPNN,input,-0.21240246295928955,173,S,Q,input,A
3474,ThermoMPNN,input,-0.020134389400482178,173,S,R,input,A
3475,ThermoMPNN,input,0.0,173,S,S,input,A
3476,ThermoMPNN,input,0.07863056659698486,173,S,T,input,A
3477,ThermoMPNN,input,-0.4020949602127075,173,S,V,input,A
3478,ThermoMPNN,input,-0.7324455976486206,173,S,W,input,A
3479,ThermoMPNN,input,-0.7714732885360718,173,S,Y,input,A
3480,ThermoMPNN,input,2.490746021270752,174,F,A,input,A
3481,ThermoMPNN,input,1.5302982330322266,174,F,C,input,A
3482,ThermoMPNN,input,2.2489233016967773,174,F,D,input,A
3483,ThermoMPNN,input,2.7133398056030273,174,F,E,input,A
3484,ThermoMPNN,input,0.0,174,F,F,input,A
3485,ThermoMPNN,input,2.7593743801116943,174,F,G,input,A
3486,ThermoMPNN,input,2.956632137298584,174,F,H,input,A
3487,ThermoMPNN,input,1.3528711795806885,174,F,I,input,A
3488,ThermoMPNN,input,2.7036776542663574,174,F,K,input,A
3489,ThermoMPNN,input,1.6558785438537598,174,F,L,input,A
3490,ThermoMPNN,input,1.587419033050537,174,F,M,input,A
3491,ThermoMPNN,input,2.6413350105285645,174,F,N,input,A
3492,ThermoMPNN,input,2.7212021350860596,174,F,P,input,A
3493,ThermoMPNN,input,2.7784433364868164,174,F,Q,input,A
3494,ThermoMPNN,input,2.5985918045043945,174,F,R,input,A
3495,ThermoMPNN,input,2.299340009689331,174,F,S,input,A
3496,ThermoMPNN,input,2.094155788421631,174,F,T,input,A
3497,ThermoMPNN,input,1.5249013900756836,174,F,V,input,A
3498,ThermoMPNN,input,2.0358316898345947,174,F,W,input,A
3499,ThermoMPNN,input,1.9796924591064453,174,F,Y,input,A
3500,ThermoMPNN,input,0.29563915729522705,175,E,A,input,A
3501,ThermoMPNN,input,0.1931309700012207,175,E,C,input,A
3502,ThermoMPNN,input,0.6352232098579407,175,E,D,input,A
3503,ThermoMPNN,input,0.0,175,E,E,input,A
3504,ThermoMPNN,input,0.8334289789199829,175,E,F,input,A
3505,ThermoMPNN,input,0.4699339270591736,175,E,G,input,A
3506,ThermoMPNN,input,0.8852139115333557,175,E,H,input,A
3507,ThermoMPNN,input,1.053300380706787,175,E,I,input,A
3508,ThermoMPNN,input,1.3414653539657593,175,E,K,input,A
3509,ThermoMPNN,input,0.8706264495849609,175,E,L,input,A
3510,ThermoMPNN,input,0.6632437109947205,175,E,M,input,A
3511,ThermoMPNN,input,1.1218008995056152,175,E,N,input,A
3512,ThermoMPNN,input,1.7270804643630981,175,E,P,input,A
3513,ThermoMPNN,input,0.6274312138557434,175,E,Q,input,A
3514,ThermoMPNN,input,1.3909343481063843,175,E,R,input,A
3515,ThermoMPNN,input,0.6572202444076538,175,E,S,input,A
3516,ThermoMPNN,input,0.8476822376251221,175,E,T,input,A
3517,ThermoMPNN,input,1.1351163387298584,175,E,V,input,A
3518,ThermoMPNN,input,0.5311329364776611,175,E,W,input,A
3519,ThermoMPNN,input,0.6528333425521851,175,E,Y,input,A
3520,ThermoMPNN,input,2.1353447437286377,176,V,A,input,A
3521,ThermoMPNN,input,1.4076236486434937,176,V,C,input,A
3522,ThermoMPNN,input,3.551347494125366,176,V,D,input,A
3523,ThermoMPNN,input,3.458812952041626,176,V,E,input,A
3524,ThermoMPNN,input,2.4850077629089355,176,V,F,input,A
3525,ThermoMPNN,input,3.102778673171997,176,V,G,input,A
3526,ThermoMPNN,input,3.286311149597168,176,V,H,input,A
3527,ThermoMPNN,input,0.6106081008911133,176,V,I,input,A
3528,ThermoMPNN,input,3.28983473777771,176,V,K,input,A
3529,ThermoMPNN,input,1.5968544483184814,176,V,L,input,A
3530,ThermoMPNN,input,2.0916290283203125,176,V,M,input,A
3531,ThermoMPNN,input,3.3381643295288086,176,V,N,input,A
3532,ThermoMPNN,input,3.0343544483184814,176,V,P,input,A
3533,ThermoMPNN,input,3.244291305541992,176,V,Q,input,A
3534,ThermoMPNN,input,3.2291858196258545,176,V,R,input,A
3535,ThermoMPNN,input,2.7292847633361816,176,V,S,input,A
3536,ThermoMPNN,input,1.7745320796966553,176,V,T,input,A
3537,ThermoMPNN,input,0.0,176,V,V,input,A
3538,ThermoMPNN,input,2.841731071472168,176,V,W,input,A
3539,ThermoMPNN,input,2.839909315109253,176,V,Y,input,A
3540,ThermoMPNN,input,0.8907918334007263,177,R,A,input,A
3541,ThermoMPNN,input,0.18509244918823242,177,R,C,input,A
3542,ThermoMPNN,input,0.9493638873100281,177,R,D,input,A
3543,ThermoMPNN,input,0.6439715623855591,177,R,E,input,A
3544,ThermoMPNN,input,0.16492044925689697,177,R,F,input,A
3545,ThermoMPNN,input,1.8878422975540161,177,R,G,input,A
3546,ThermoMPNN,input,0.4020214080810547,177,R,H,input,A
3547,ThermoMPNN,input,0.11519896984100342,177,R,I,input,A
3548,ThermoMPNN,input,0.38858091831207275,177,R,K,input,A
3549,ThermoMPNN,input,0.2913851737976074,177,R,L,input,A
3550,ThermoMPNN,input,0.48525601625442505,177,R,M,input,A
3551,ThermoMPNN,input,0.7421441674232483,177,R,N,input,A
3552,ThermoMPNN,input,2.456012725830078,177,R,P,input,A
3553,ThermoMPNN,input,0.6694163680076599,177,R,Q,input,A
3554,ThermoMPNN,input,0.0,177,R,R,input,A
3555,ThermoMPNN,input,0.8237121105194092,177,R,S,input,A
3556,ThermoMPNN,input,0.5429056882858276,177,R,T,input,A
3557,ThermoMPNN,input,0.01965177059173584,177,R,V,input,A
3558,ThermoMPNN,input,0.24360442161560059,177,R,W,input,A
3559,ThermoMPNN,input,0.1437612771987915,177,R,Y,input,A
3560,ThermoMPNN,input,2.3308045864105225,178,V,A,input,A
3561,ThermoMPNN,input,1.399265170097351,178,V,C,input,A
3562,ThermoMPNN,input,2.889664649963379,178,V,D,input,A
3563,ThermoMPNN,input,3.0842928886413574,178,V,E,input,A
3564,ThermoMPNN,input,2.037019968032837,178,V,F,input,A
3565,ThermoMPNN,input,2.714073896408081,178,V,G,input,A
3566,ThermoMPNN,input,3.0779244899749756,178,V,H,input,A
3567,ThermoMPNN,input,0.1699213981628418,178,V,I,input,A
3568,ThermoMPNN,input,3.0534825325012207,178,V,K,input,A
3569,ThermoMPNN,input,1.070099949836731,178,V,L,input,A
3570,ThermoMPNN,input,1.708404302597046,178,V,M,input,A
3571,ThermoMPNN,input,2.930565595626831,178,V,N,input,A
3572,ThermoMPNN,input,2.4999845027923584,178,V,P,input,A
3573,ThermoMPNN,input,3.0691745281219482,178,V,Q,input,A
3574,ThermoMPNN,input,3.0121734142303467,178,V,R,input,A
3575,ThermoMPNN,input,2.6608848571777344,178,V,S,input,A
3576,ThermoMPNN,input,1.9960836172103882,178,V,T,input,A
3577,ThermoMPNN,input,0.0,178,V,V,input,A
3578,ThermoMPNN,input,2.3610074520111084,178,V,W,input,A
3579,ThermoMPNN,input,2.533984661102295,178,V,Y,input,A
3580,ThermoMPNN,input,0.34796905517578125,179,C,A,input,A
3581,ThermoMPNN,input,0.0,179,C,C,input,A
3582,ThermoMPNN,input,1.6989703178405762,179,C,D,input,A
3583,ThermoMPNN,input,1.6278823614120483,179,C,E,input,A
3584,ThermoMPNN,input,0.8528827428817749,179,C,F,input,A
3585,ThermoMPNN,input,0.8511139750480652,179,C,G,input,A
3586,ThermoMPNN,input,1.4304064512252808,179,C,H,input,A
3587,ThermoMPNN,input,0.6777110695838928,179,C,I,input,A
3588,ThermoMPNN,input,1.7589643001556396,179,C,K,input,A
3589,ThermoMPNN,input,0.8410050868988037,179,C,L,input,A
3590,ThermoMPNN,input,0.8928084373474121,179,C,M,input,A
3591,ThermoMPNN,input,1.4693399667739868,179,C,N,input,A
3592,ThermoMPNN,input,2.1480441093444824,179,C,P,input,A
3593,ThermoMPNN,input,1.5246477127075195,179,C,Q,input,A
3594,ThermoMPNN,input,1.7634209394454956,179,C,R,input,A
3595,ThermoMPNN,input,0.6864456534385681,179,C,S,input,A
3596,ThermoMPNN,input,0.5062158107757568,179,C,T,input,A
3597,ThermoMPNN,input,-0.05478823184967041,179,C,V,input,A
3598,ThermoMPNN,input,1.406830072402954,179,C,W,input,A
3599,ThermoMPNN,input,1.1998367309570312,179,C,Y,input,A
3600,ThermoMPNN,input,0.0,180,A,A,input,A
3601,ThermoMPNN,input,-0.060600996017456055,180,A,C,input,A
3602,ThermoMPNN,input,-0.09456038475036621,180,A,D,input,A
3603,ThermoMPNN,input,-0.05679821968078613,180,A,E,input,A
3604,ThermoMPNN,input,0.6603062152862549,180,A,F,input,A
3605,ThermoMPNN,input,0.5668268203735352,180,A,G,input,A
3606,ThermoMPNN,input,0.08269375562667847,180,A,H,input,A
3607,ThermoMPNN,input,0.5373139381408691,180,A,I,input,A
3608,ThermoMPNN,input,0.3651583790779114,180,A,K,input,A
3609,ThermoMPNN,input,0.3692696690559387,180,A,L,input,A
3610,ThermoMPNN,input,0.5344780683517456,180,A,M,input,A
3611,ThermoMPNN,input,0.11359673738479614,180,A,N,input,A
3612,ThermoMPNN,input,0.07056480646133423,180,A,P,input,A
3613,ThermoMPNN,input,0.24317443370819092,180,A,Q,input,A
3614,ThermoMPNN,input,0.495007187128067,180,A,R,input,A
3615,ThermoMPNN,input,0.04240274429321289,180,A,S,input,A
3616,ThermoMPNN,input,0.5041845440864563,180,A,T,input,A
3617,ThermoMPNN,input,0.495895653963089,180,A,V,input,A
3618,ThermoMPNN,input,0.4470599293708801,180,A,W,input,A
3619,ThermoMPNN,input,0.4127259850502014,180,A,Y,input,A
3620,ThermoMPNN,input,0.875458836555481,181,C,A,input,A
3621,ThermoMPNN,input,0.0,181,C,C,input,A
3622,ThermoMPNN,input,0.2383720874786377,181,C,D,input,A
3623,ThermoMPNN,input,0.4859665632247925,181,C,E,input,A
3624,ThermoMPNN,input,0.25195562839508057,181,C,F,input,A
3625,ThermoMPNN,input,1.2263860702514648,181,C,G,input,A
3626,ThermoMPNN,input,0.32143253087997437,181,C,H,input,A
3627,ThermoMPNN,input,0.9189896583557129,181,C,I,input,A
3628,ThermoMPNN,input,0.9800095558166504,181,C,K,input,A
3629,ThermoMPNN,input,0.5250626802444458,181,C,L,input,A
3630,ThermoMPNN,input,0.6220752596855164,181,C,M,input,A
3631,ThermoMPNN,input,0.16448938846588135,181,C,N,input,A
3632,ThermoMPNN,input,2.223201274871826,181,C,P,input,A
3633,ThermoMPNN,input,0.6988982558250427,181,C,Q,input,A
3634,ThermoMPNN,input,0.9850875735282898,181,C,R,input,A
3635,ThermoMPNN,input,0.6374829411506653,181,C,S,input,A
3636,ThermoMPNN,input,0.4930252432823181,181,C,T,input,A
3637,ThermoMPNN,input,0.8572434782981873,181,C,V,input,A
3638,ThermoMPNN,input,0.2789723873138428,181,C,W,input,A
3639,ThermoMPNN,input,0.22624719142913818,181,C,Y,input,A
3640,ThermoMPNN,input,2.300950527191162,182,P,A,input,A
3641,ThermoMPNN,input,1.6896820068359375,182,P,C,input,A
3642,ThermoMPNN,input,2.779315948486328,182,P,D,input,A
3643,ThermoMPNN,input,2.33951735496521,182,P,E,input,A
3644,ThermoMPNN,input,1.894136667251587,182,P,F,input,A
3645,ThermoMPNN,input,2.783539295196533,182,P,G,input,A
3646,ThermoMPNN,input,2.8020517826080322,182,P,H,input,A
3647,ThermoMPNN,input,2.004929542541504,182,P,I,input,A
3648,ThermoMPNN,input,2.4797000885009766,182,P,K,input,A
3649,ThermoMPNN,input,1.9283044338226318,182,P,L,input,A
3650,ThermoMPNN,input,2.0236620903015137,182,P,M,input,A
3651,ThermoMPNN,input,2.9057555198669434,182,P,N,input,A
3652,ThermoMPNN,input,0.0,182,P,P,input,A
3653,ThermoMPNN,input,2.4862091541290283,182,P,Q,input,A
3654,ThermoMPNN,input,2.5605697631835938,182,P,R,input,A
3655,ThermoMPNN,input,2.601087808609009,182,P,S,input,A
3656,ThermoMPNN,input,2.66873836517334,182,P,T,input,A
3657,ThermoMPNN,input,2.2251996994018555,182,P,V,input,A
3658,ThermoMPNN,input,2.301762580871582,182,P,W,input,A
3659,ThermoMPNN,input,2.1275064945220947,182,P,Y,input,A
3660,ThermoMPNN,input,1.2501893043518066,183,G,A,input,A
3661,ThermoMPNN,input,1.2741198539733887,183,G,C,input,A
3662,ThermoMPNN,input,1.880077838897705,183,G,D,input,A
3663,ThermoMPNN,input,2.0569100379943848,183,G,E,input,A
3664,ThermoMPNN,input,1.1715807914733887,183,G,F,input,A
3665,ThermoMPNN,input,0.0,183,G,G,input,A
3666,ThermoMPNN,input,1.6759326457977295,183,G,H,input,A
3667,ThermoMPNN,input,1.6657280921936035,183,G,I,input,A
3668,ThermoMPNN,input,1.7909820079803467,183,G,K,input,A
3669,ThermoMPNN,input,1.667539119720459,183,G,L,input,A
3670,ThermoMPNN,input,1.516874074935913,183,G,M,input,A
3671,ThermoMPNN,input,1.8069474697113037,183,G,N,input,A
3672,ThermoMPNN,input,1.6024999618530273,183,G,P,input,A
3673,ThermoMPNN,input,1.8159499168395996,183,G,Q,input,A
3674,ThermoMPNN,input,1.6468967199325562,183,G,R,input,A
3675,ThermoMPNN,input,1.5842965841293335,183,G,S,input,A
3676,ThermoMPNN,input,1.639696478843689,183,G,T,input,A
3677,ThermoMPNN,input,1.6189011335372925,183,G,V,input,A
3678,ThermoMPNN,input,1.3606045246124268,183,G,W,input,A
3679,ThermoMPNN,input,1.2507827281951904,183,G,Y,input,A
3680,ThermoMPNN,input,-0.09365832805633545,184,R,A,input,A
3681,ThermoMPNN,input,-0.07806664705276489,184,R,C,input,A
3682,ThermoMPNN,input,0.161645770072937,184,R,D,input,A
3683,ThermoMPNN,input,-0.013838350772857666,184,R,E,input,A
3684,ThermoMPNN,input,0.14020854234695435,184,R,F,input,A
3685,ThermoMPNN,input,0.769224226474762,184,R,G,input,A
3686,ThermoMPNN,input,0.0896039605140686,184,R,H,input,A
3687,ThermoMPNN,input,-0.0920335054397583,184,R,I,input,A
3688,ThermoMPNN,input,0.020402371883392334,184,R,K,input,A
3689,ThermoMPNN,input,-0.09351867437362671,184,R,L,input,A
3690,ThermoMPNN,input,0.1363685131072998,184,R,M,input,A
3691,ThermoMPNN,input,0.2979622483253479,184,R,N,input,A
3692,ThermoMPNN,input,1.0713181495666504,184,R,P,input,A
3693,ThermoMPNN,input,0.12395656108856201,184,R,Q,input,A
3694,ThermoMPNN,input,0.0,184,R,R,input,A
3695,ThermoMPNN,input,0.18263334035873413,184,R,S,input,A
3696,ThermoMPNN,input,0.4002447724342346,184,R,T,input,A
3697,ThermoMPNN,input,0.1648290753364563,184,R,V,input,A
3698,ThermoMPNN,input,0.12569832801818848,184,R,W,input,A
3699,ThermoMPNN,input,-0.022881269454956055,184,R,Y,input,A
3700,ThermoMPNN,input,1.2273752689361572,185,D,A,input,A
3701,ThermoMPNN,input,0.9493455290794373,185,D,C,input,A
3702,ThermoMPNN,input,0.0,185,D,D,input,A
3703,ThermoMPNN,input,0.39603281021118164,185,D,E,input,A
3704,ThermoMPNN,input,1.6649456024169922,185,D,F,input,A
3705,ThermoMPNN,input,1.9008899927139282,185,D,G,input,A
3706,ThermoMPNN,input,1.4185361862182617,185,D,H,input,A
3707,ThermoMPNN,input,1.5521867275238037,185,D,I,input,A
3708,ThermoMPNN,input,2.0762126445770264,185,D,K,input,A
3709,ThermoMPNN,input,1.4871035814285278,185,D,L,input,A
3710,ThermoMPNN,input,1.4148547649383545,185,D,M,input,A
3711,ThermoMPNN,input,1.2675368785858154,185,D,N,input,A
3712,ThermoMPNN,input,1.7072222232818604,185,D,P,input,A
3713,ThermoMPNN,input,1.2184481620788574,185,D,Q,input,A
3714,ThermoMPNN,input,2.031740427017212,185,D,R,input,A
3715,ThermoMPNN,input,1.2398262023925781,185,D,S,input,A
3716,ThermoMPNN,input,1.4983347654342651,185,D,T,input,A
3717,ThermoMPNN,input,1.6125363111495972,185,D,V,input,A
3718,ThermoMPNN,input,1.4283324480056763,185,D,W,input,A
3719,ThermoMPNN,input,1.5575398206710815,185,D,Y,input,A
3720,ThermoMPNN,input,-0.4821757674217224,186,R,A,input,A
3721,ThermoMPNN,input,-0.22430628538131714,186,R,C,input,A
3722,ThermoMPNN,input,1.404037356376648,186,R,D,input,A
3723,ThermoMPNN,input,0.7702726721763611,186,R,E,input,A
3724,ThermoMPNN,input,0.2703888416290283,186,R,F,input,A
3725,ThermoMPNN,input,1.1178957223892212,186,R,G,input,A
3726,ThermoMPNN,input,0.46979814767837524,186,R,H,input,A
3727,ThermoMPNN,input,0.4196634292602539,186,R,I,input,A
3728,ThermoMPNN,input,-0.04175722599029541,186,R,K,input,A
3729,ThermoMPNN,input,-0.986440122127533,186,R,L,input,A
3730,ThermoMPNN,input,-0.3900296092033386,186,R,M,input,A
3731,ThermoMPNN,input,0.9073050022125244,186,R,N,input,A
3732,ThermoMPNN,input,1.1843465566635132,186,R,P,input,A
3733,ThermoMPNN,input,0.2164921760559082,186,R,Q,input,A
3734,ThermoMPNN,input,0.0,186,R,R,input,A
3735,ThermoMPNN,input,0.48947590589523315,186,R,S,input,A
3736,ThermoMPNN,input,1.29844331741333,186,R,T,input,A
3737,ThermoMPNN,input,0.6250295042991638,186,R,V,input,A
3738,ThermoMPNN,input,0.46605736017227173,186,R,W,input,A
3739,ThermoMPNN,input,0.5285859704017639,186,R,Y,input,A
3740,ThermoMPNN,input,0.3104509115219116,187,R,A,input,A
3741,ThermoMPNN,input,0.5118971467018127,187,R,C,input,A
3742,ThermoMPNN,input,1.119243860244751,187,R,D,input,A
3743,ThermoMPNN,input,0.5453810095787048,187,R,E,input,A
3744,ThermoMPNN,input,0.6513842344284058,187,R,F,input,A
3745,ThermoMPNN,input,1.2068499326705933,187,R,G,input,A
3746,ThermoMPNN,input,0.742110013961792,187,R,H,input,A
3747,ThermoMPNN,input,0.4810676574707031,187,R,I,input,A
3748,ThermoMPNN,input,0.16384518146514893,187,R,K,input,A
3749,ThermoMPNN,input,0.2953745126724243,187,R,L,input,A
3750,ThermoMPNN,input,0.3515586853027344,187,R,M,input,A
3751,ThermoMPNN,input,1.0017454624176025,187,R,N,input,A
3752,ThermoMPNN,input,2.5538382530212402,187,R,P,input,A
3753,ThermoMPNN,input,0.34541547298431396,187,R,Q,input,A
3754,ThermoMPNN,input,0.0,187,R,R,input,A
3755,ThermoMPNN,input,0.7958471775054932,187,R,S,input,A
3756,ThermoMPNN,input,0.9892269372940063,187,R,T,input,A
3757,ThermoMPNN,input,0.7554179430007935,187,R,V,input,A
3758,ThermoMPNN,input,0.5428061485290527,187,R,W,input,A
3759,ThermoMPNN,input,0.6491627097129822,187,R,Y,input,A
3760,ThermoMPNN,input,-0.17260092496871948,188,T,A,input,A
3761,ThermoMPNN,input,-0.19749081134796143,188,T,C,input,A
3762,ThermoMPNN,input,0.08226817846298218,188,T,D,input,A
3763,ThermoMPNN,input,-0.20424145460128784,188,T,E,input,A
3764,ThermoMPNN,input,0.07144767045974731,188,T,F,input,A
3765,ThermoMPNN,input,0.5196971893310547,188,T,G,input,A
3766,ThermoMPNN,input,0.1010017991065979,188,T,H,input,A
3767,ThermoMPNN,input,-0.21359783411026,188,T,I,input,A
3768,ThermoMPNN,input,-0.20571428537368774,188,T,K,input,A
3769,ThermoMPNN,input,-0.3010878562927246,188,T,L,input,A
3770,ThermoMPNN,input,-0.2358555793762207,188,T,M,input,A
3771,ThermoMPNN,input,0.029736697673797607,188,T,N,input,A
3772,ThermoMPNN,input,1.6431915760040283,188,T,P,input,A
3773,ThermoMPNN,input,-0.17830026149749756,188,T,Q,input,A
3774,ThermoMPNN,input,-0.26038408279418945,188,T,R,input,A
3775,ThermoMPNN,input,0.04100245237350464,188,T,S,input,A
3776,ThermoMPNN,input,0.0,188,T,T,input,A
3777,ThermoMPNN,input,-0.0503772497177124,188,T,V,input,A
3778,ThermoMPNN,input,-0.0161474347114563,188,T,W,input,A
3779,ThermoMPNN,input,0.03636312484741211,188,T,Y,input,A
3780,ThermoMPNN,input,0.8368074893951416,189,E,A,input,A
3781,ThermoMPNN,input,1.1292445659637451,189,E,C,input,A
3782,ThermoMPNN,input,1.0686089992523193,189,E,D,input,A
3783,ThermoMPNN,input,0.0,189,E,E,input,A
3784,ThermoMPNN,input,1.7936502695083618,189,E,F,input,A
3785,ThermoMPNN,input,1.9541006088256836,189,E,G,input,A
3786,ThermoMPNN,input,1.6487821340560913,189,E,H,input,A
3787,ThermoMPNN,input,1.5468697547912598,189,E,I,input,A
3788,ThermoMPNN,input,2.111417770385742,189,E,K,input,A
3789,ThermoMPNN,input,1.2277848720550537,189,E,L,input,A
3790,ThermoMPNN,input,1.0204600095748901,189,E,M,input,A
3791,ThermoMPNN,input,1.9040846824645996,189,E,N,input,A
3792,ThermoMPNN,input,2.344496250152588,189,E,P,input,A
3793,ThermoMPNN,input,1.0684044361114502,189,E,Q,input,A
3794,ThermoMPNN,input,2.113801956176758,189,E,R,input,A
3795,ThermoMPNN,input,1.5211377143859863,189,E,S,input,A
3796,ThermoMPNN,input,1.7721916437149048,189,E,T,input,A
3797,ThermoMPNN,input,1.680037498474121,189,E,V,input,A
3798,ThermoMPNN,input,1.3976666927337646,189,E,W,input,A
3799,ThermoMPNN,input,1.4916874170303345,189,E,Y,input,A
3800,ThermoMPNN,input,1.0683491230010986,190,E,A,input,A
3801,ThermoMPNN,input,0.7934714555740356,190,E,C,input,A
3802,ThermoMPNN,input,0.5128203630447388,190,E,D,input,A
3803,ThermoMPNN,input,0.0,190,E,E,input,A
3804,ThermoMPNN,input,1.3623344898223877,190,E,F,input,A
3805,ThermoMPNN,input,1.6284695863723755,190,E,G,input,A
3806,ThermoMPNN,input,1.4099030494689941,190,E,H,input,A
3807,ThermoMPNN,input,0.7823652029037476,190,E,I,input,A
3808,ThermoMPNN,input,1.6876589059829712,190,E,K,input,A
3809,ThermoMPNN,input,0.4779055118560791,190,E,L,input,A
3810,ThermoMPNN,input,0.754395604133606,190,E,M,input,A
3811,ThermoMPNN,input,1.2327051162719727,190,E,N,input,A
3812,ThermoMPNN,input,1.7464412450790405,190,E,P,input,A
3813,ThermoMPNN,input,0.945634126663208,190,E,Q,input,A
3814,ThermoMPNN,input,1.7499934434890747,190,E,R,input,A
3815,ThermoMPNN,input,1.2609130144119263,190,E,S,input,A
3816,ThermoMPNN,input,1.227759838104248,190,E,T,input,A
3817,ThermoMPNN,input,1.1676665544509888,190,E,V,input,A
3818,ThermoMPNN,input,1.1370563507080078,190,E,W,input,A
3819,ThermoMPNN,input,1.2838692665100098,190,E,Y,input,A
3820,ThermoMPNN,input,-0.14898639917373657,191,E,A,input,A
3821,ThermoMPNN,input,-0.017151296138763428,191,E,C,input,A
3822,ThermoMPNN,input,0.21843796968460083,191,E,D,input,A
3823,ThermoMPNN,input,0.0,191,E,E,input,A
3824,ThermoMPNN,input,0.3188917636871338,191,E,F,input,A
3825,ThermoMPNN,input,0.4185745418071747,191,E,G,input,A
3826,ThermoMPNN,input,0.26569676399230957,191,E,H,input,A
3827,ThermoMPNN,input,0.00560075044631958,191,E,I,input,A
3828,ThermoMPNN,input,-0.049195945262908936,191,E,K,input,A
3829,ThermoMPNN,input,-0.09928089380264282,191,E,L,input,A
3830,ThermoMPNN,input,-0.08941739797592163,191,E,M,input,A
3831,ThermoMPNN,input,0.24886232614517212,191,E,N,input,A
3832,ThermoMPNN,input,1.3215664625167847,191,E,P,input,A
3833,ThermoMPNN,input,-0.06555896997451782,191,E,Q,input,A
3834,ThermoMPNN,input,-0.029059112071990967,191,E,R,input,A
3835,ThermoMPNN,input,0.10605835914611816,191,E,S,input,A
3836,ThermoMPNN,input,0.2735593914985657,191,E,T,input,A
3837,ThermoMPNN,input,0.20226001739501953,191,E,V,input,A
3838,ThermoMPNN,input,0.21886783838272095,191,E,W,input,A
3839,ThermoMPNN,input,0.328860878944397,191,E,Y,input,A
3840,ThermoMPNN,input,0.0499688982963562,192,N,A,input,A
3841,ThermoMPNN,input,-0.007961392402648926,192,N,C,input,A
3842,ThermoMPNN,input,0.19513589143753052,192,N,D,input,A
3843,ThermoMPNN,input,0.23507773876190186,192,N,E,input,A
3844,ThermoMPNN,input,0.18202745914459229,192,N,F,input,A
3845,ThermoMPNN,input,0.06645393371582031,192,N,G,input,A
3846,ThermoMPNN,input,0.1524902582168579,192,N,H,input,A
3847,ThermoMPNN,input,0.33585208654403687,192,N,I,input,A
3848,ThermoMPNN,input,-0.03749960660934448,192,N,K,input,A
3849,ThermoMPNN,input,0.09089165925979614,192,N,L,input,A
3850,ThermoMPNN,input,0.08150184154510498,192,N,M,input,A
3851,ThermoMPNN,input,0.0,192,N,N,input,A
3852,ThermoMPNN,input,0.9108714461326599,192,N,P,input,A
3853,ThermoMPNN,input,-0.01311260461807251,192,N,Q,input,A
3854,ThermoMPNN,input,0.07724469900131226,192,N,R,input,A
3855,ThermoMPNN,input,0.11597496271133423,192,N,S,input,A
3856,ThermoMPNN,input,0.2214077115058899,192,N,T,input,A
3857,ThermoMPNN,input,0.31327807903289795,192,N,V,input,A
3858,ThermoMPNN,input,0.2553666830062866,192,N,W,input,A
3859,ThermoMPNN,input,0.29260289669036865,192,N,Y,input,A
3860,ThermoMPNN,input,0.6848729252815247,193,L,A,input,A
3861,ThermoMPNN,input,0.46632635593414307,193,L,C,input,A
3862,ThermoMPNN,input,0.78608238697052,193,L,D,input,A
3863,ThermoMPNN,input,0.8126920461654663,193,L,E,input,A
3864,ThermoMPNN,input,0.5097893476486206,193,L,F,input,A
3865,ThermoMPNN,input,0.9193902015686035,193,L,G,input,A
3866,ThermoMPNN,input,0.7622772455215454,193,L,H,input,A
3867,ThermoMPNN,input,0.29022276401519775,193,L,I,input,A
3868,ThermoMPNN,input,0.6300682425498962,193,L,K,input,A
3869,ThermoMPNN,input,0.0,193,L,L,input,A
3870,ThermoMPNN,input,0.32142770290374756,193,L,M,input,A
3871,ThermoMPNN,input,0.8385035991668701,193,L,N,input,A
3872,ThermoMPNN,input,0.9350316524505615,193,L,P,input,A
3873,ThermoMPNN,input,0.6302763223648071,193,L,Q,input,A
3874,ThermoMPNN,input,0.6805302500724792,193,L,R,input,A
3875,ThermoMPNN,input,0.7930290102958679,193,L,S,input,A
3876,ThermoMPNN,input,0.6497774720191956,193,L,T,input,A
3877,ThermoMPNN,input,0.5780040621757507,193,L,V,input,A
3878,ThermoMPNN,input,0.6550909280776978,193,L,W,input,A
3879,ThermoMPNN,input,0.6291780471801758,193,L,Y,input,A
